,Path Length,Acceleration Usage,Steering Usage,Average Speed,Avg Computational Time,Robot Number,File Name,Method,Initial Distance,Solver Failure,Collision Number,Noise Scaling,Model Type
0,54.30117420648476,1.4045424023002016,0.1919763188739675,1.7096457520237751,0.0514810568234051,11,circular_seed_47.json,DWA,10.0,0,0,0.0,Kinematic
1,18.93880901636768,0.4295890070995825,0.0296035393213301,1.85809839858639,0.009150130131523,11,circular_seed_47.json,C3BF,10.0,2,0,0.0,Kinematic
2,27.006016425300995,2.778136300964295,0.0528576475546537,1.4659432920249351,0.0095363823291799,11,circular_seed_47.json,CBF,10.0,0,0,0.0,Kinematic
3,8.027011257947917,1.7984081837520016,0.0946407112352588,1.8441665073257003,0.03230984052703,5,circular_seed_1.json,DWA,14.142135623730953,0,0,0.0,Kinematic
4,72.66150510064907,0.2165619319517273,0.0260240903020776,0.7577786091423508,0.0025365077935506,5,circular_seed_1.json,C3BF,14.142135623730953,0,0,0.0,Kinematic
5,75.48104555549114,0.9425428384406088,0.0520227178522292,0.5984727303159314,0.0029421316993103,5,circular_seed_1.json,CBF,14.142135623730953,0,0,0.0,Kinematic
6,49.1165793835816,1.3143130072526472,0.2371046175826764,1.651971388113059,0.0515844646295584,11,circular_seed_30.json,DWA,10.0,0,0,0.0,Kinematic
7,23.06499680259162,0.469556437283971,0.0663866887486387,1.7985527844601956,0.0029846195064847,11,circular_seed_30.json,C3BF,10.0,0,2,0.0,Kinematic
8,49.415693089835486,1.874396879017089,0.0731848352771643,1.3788055800535148,0.0029499005263959,11,circular_seed_30.json,CBF,10.0,0,1,0.0,Kinematic
9,24.954867762411027,1.5693934782921166,0.1447842042246134,1.770360533508732,0.0354613834731514,5,circular_seed_6.json,DWA,10.0,0,0,0.0,Kinematic
10,-6.263600404196568,0.3810607259716147,0.0767223535603238,1.8398747920219207,0.0028738907188366,5,circular_seed_6.json,C3BF,10.0,0,1,0.0,Kinematic
11,18.99202846909096,1.0559161245477395,0.0769769713872218,1.7616693814663154,0.0026449855238069,5,circular_seed_6.json,CBF,10.0,0,0,0.0,Kinematic
12,71.60917252903543,1.2698931432808531,0.2317121025281186,1.549615009234189,0.0446708897002657,7,circular_seed_21.json,DWA,8.0,0,0,0.0,Kinematic
13,32.89834052754816,0.5311493917513096,0.0548632278230006,1.7851953029942351,0.0025905476090657,7,circular_seed_21.json,C3BF,8.0,0,0,0.0,Kinematic
14,42.921848824703794,1.2124923013493167,0.1165575425862519,1.5687480167473935,0.002496158348695,7,circular_seed_21.json,CBF,8.0,0,0,0.0,Kinematic
15,12.603511424328506,1.478594112803877,0.1775419856111474,1.661895947711192,0.0585734486385426,13,circular_seed_56.json,DWA,11.5,0,1,0.0,Kinematic
16,13.088489986812805,0.3921212339717604,0.0311069670411076,1.8397132104247853,0.0098389398484002,13,circular_seed_56.json,C3BF,11.5,0,1,0.0,Kinematic
17,24.46538607353099,2.2270919868246883,0.0609274967721734,1.4349224102230391,0.0103697747232303,13,circular_seed_56.json,CBF,11.5,0,0,0.0,Kinematic
18,24.419188948600965,1.415731261315095,0.1385573948995581,1.764498917199666,0.0516034953169903,10,circular_seed_28.json,DWA,10.0,0,0,0.0,Kinematic
19,7.015953370866877,0.3834029691448146,0.0198681796059402,1.8511949059622697,0.0094223038526879,10,circular_seed_28.json,C3BF,10.0,1,1,0.0,Kinematic
20,20.22620429369784,2.459515138694472,0.0303257253051799,1.5265501361411111,0.0098003652210613,10,circular_seed_28.json,CBF,10.0,0,0,0.0,Kinematic
21,24.002068437670072,1.4115610134399976,0.1724181438676328,1.69997365173536,0.0626305602185322,14,circular_seed_60.json,DWA,11.5,0,0,0.0,Kinematic
22,5.469843776883063,0.5085434940448155,0.0305008116113155,1.7962512163201456,0.0091889734823341,14,circular_seed_60.json,C3BF,11.5,1,2,0.0,Kinematic
23,34.23887577329503,1.865162169849485,0.0890379574700682,1.3235821212750936,0.003498096429803,14,circular_seed_60.json,CBF,11.5,0,0,0.0,Kinematic
24,11.114922775826804,1.797812672443912,0.1188901949697866,1.7826240298910847,0.0382555803147757,5,circular_seed_5.json,DWA,10.0,0,0,0.0,Kinematic
25,24.19510549920582,0.3447910131725186,0.0463526531086595,1.8640621256471528,0.0026956387830398,5,circular_seed_5.json,C3BF,10.0,0,0,0.0,Kinematic
26,28.87135218483788,1.4474619480357505,0.0960792063839813,1.5263732327298114,0.0025812897652325,5,circular_seed_5.json,CBF,10.0,0,0,0.0,Kinematic
27,43.56663224010892,1.7124545217194098,0.1626681584494817,1.836524999242948,0.0400283724252431,6,circular_seed_13.json,DWA,10.0,0,0,0.0,Kinematic
28,17.004997312684882,0.2525769214006997,0.0199541860545477,1.89177823929966,0.0027399584064333,6,circular_seed_13.json,C3BF,10.0,0,0,0.0,Kinematic
29,16.822822067482612,0.4314228165196191,0.0208813973816081,1.884957420084141,0.002803574376584,6,circular_seed_13.json,CBF,10.0,0,0,0.0,Kinematic
30,26.81137735278397,1.5922816340164037,0.2046155077196301,1.6822357187742536,0.0422961224410613,7,circular_seed_16.json,DWA,10.0,0,0,0.0,Kinematic
31,30.61858497535588,0.4374375218596357,0.0468177730523801,1.839239607418324,0.0027145693282119,7,circular_seed_16.json,C3BF,10.0,0,0,0.0,Kinematic
32,32.58652555816603,1.622413044706023,0.0741908432278323,1.6208045738722348,0.0027080151508269,7,circular_seed_16.json,CBF,10.0,0,0,0.0,Kinematic
33,72.28759635674517,1.4784559639970212,0.2093270042811202,1.7466258880515513,0.0562059284045996,11,circular_seed_35.json,DWA,10.0,0,0,0.0,Kinematic
34,21.66068334316953,0.3615510264201424,0.0228236802967586,1.861765042998202,0.0030235311923882,11,circular_seed_35.json,C3BF,10.0,1,0,0.0,Kinematic
35,22.63085282399992,2.1358164392351915,0.0253903087557121,1.5225535117433415,0.0032601012464831,11,circular_seed_35.json,CBF,10.0,0,0,0.0,Kinematic
36,50.54633929317835,1.558303911616858,0.1835426127705806,1.7363838438807215,0.0493573997784586,9,circular_seed_22.json,DWA,10.0,0,0,0.0,Kinematic
37,17.89106700978513,0.4430207710362519,0.0387354212207906,1.845208460561585,0.00913871676459,9,circular_seed_22.json,C3BF,10.0,0,1,0.0,Kinematic
38,28.021693252779023,1.5059040607760616,0.061782077236483,1.672269762296038,0.0098353709814683,9,circular_seed_22.json,CBF,10.0,0,0,0.0,Kinematic
39,35.09837059578554,1.4629261318099238,0.2270285481157496,1.6349877417652643,0.0505753137002363,9,circular_seed_23.json,DWA,10.0,0,0,0.0,Kinematic
40,37.45280363609699,0.3746846385990677,0.0410207691848027,1.8623220262000468,0.0084235579879195,9,circular_seed_23.json,C3BF,10.0,0,0,0.0,Kinematic
41,38.227182312072486,2.759857777944668,0.0789516040666523,1.5091654428131431,0.0032421733459196,9,circular_seed_23.json,CBF,10.0,0,0,0.0,Kinematic
42,28.19260303379258,1.3919373158466055,0.2873893478258549,1.490512007577882,0.0462559781088265,7,circular_seed_20.json,DWA,8.0,0,0,0.0,Kinematic
43,46.34493088725838,0.531581073619803,0.0627719490461284,1.7888005883071123,0.0027758342138728,7,circular_seed_20.json,C3BF,8.0,0,0,0.0,Kinematic
44,47.31772929116664,1.6929741036200223,0.0796800672251008,1.6989029345153668,0.0027068918651393,7,circular_seed_20.json,CBF,8.0,0,0,0.0,Kinematic
45,33.85375518420704,1.4967459669052807,0.1781053797374072,1.7464346690878554,0.0412517573440586,6,circular_seed_10.json,DWA,8.0,0,0,0.0,Kinematic
46,28.38505828014796,0.4325741072998075,0.0437442621902835,1.841683875594448,0.0025718069788235,6,circular_seed_10.json,C3BF,8.0,1,0,0.0,Kinematic
47,30.886597375006264,2.014039228414411,0.1132958517714787,1.5708252617605525,0.0024699337628422,6,circular_seed_10.json,CBF,8.0,0,0,0.0,Kinematic
48,31.014453318438232,1.341894550758603,0.185470674752756,1.684983404759942,0.0542774054295491,12,circular_seed_52.json,DWA,11.5,0,0,0.0,Kinematic
49,23.999720064127853,0.4618287719118211,0.0421888406265502,1.7429916098265947,0.0065029740037262,12,circular_seed_52.json,C3BF,11.5,4,0,0.0,Kinematic
50,23.025851361551016,2.068565983039098,0.0419294337900429,1.5940672993240652,0.0036553637040192,12,circular_seed_52.json,CBF,11.5,0,0,0.0,Kinematic
51,55.067025297851416,1.7095893070049235,0.1611445118862653,1.8157385622261968,0.0436082624253772,8,circular_seed_43.json,DWA,10.0,0,0,0.0,Kinematic
52,9.500751287864462,0.4183807168700402,0.0286431360339466,1.8426446646069936,0.0027253751464734,8,circular_seed_43.json,C3BF,10.0,0,1,0.0,Kinematic
53,30.848077939799083,1.11627458708393,0.0517453623091362,1.5534501194347636,0.0028202318522256,8,circular_seed_43.json,CBF,10.0,0,0,0.0,Kinematic
54,44.97678146767981,1.4019107403151596,0.1992602449183087,1.7264247659619352,0.0579512361752784,14,circular_seed_63.json,DWA,11.5,0,0,0.0,Kinematic
55,23.50295533066709,0.4260557826654265,0.0274936538827613,1.8499558650258123,0.0092999502383699,14,circular_seed_63.json,C3BF,11.5,3,1,0.0,Kinematic
56,68.90266073349483,2.020304970941482,0.0303044274142329,1.500367789198755,0.0036389737083889,14,circular_seed_63.json,CBF,11.5,0,0,0.0,Kinematic
57,46.57697961106115,1.293680667874874,0.2834868085772491,1.5052124970555605,0.0524798365825778,11,circular_seed_31.json,DWA,10.0,0,0,0.0,Kinematic
58,53.74327880216983,0.4802689292127082,0.0360010879485097,1.8040888960034336,0.0089296281593551,11,circular_seed_31.json,C3BF,10.0,0,0,0.0,Kinematic
59,52.85291578631896,1.6510490653926146,0.0487770380113671,1.7186562319440866,0.0094329372570521,11,circular_seed_31.json,CBF,10.0,0,0,0.0,Kinematic
60,67.33571846787585,1.3765849617635462,0.2231754367286288,1.6826976351119751,0.048687137191289,12,circular_seed_49.json,DWA,10.0,0,0,0.0,Kinematic
61,27.78269642873668,0.4115958095575838,0.0226230072680116,1.8502579678875417,0.0096673049466146,12,circular_seed_49.json,C3BF,10.0,3,0,0.0,Kinematic
62,32.99397336981118,1.653319364333819,0.0661075358353955,1.6350819103667271,0.0096546790256408,12,circular_seed_49.json,CBF,10.0,0,0,0.0,Kinematic
63,50.68779019702084,1.2555617579680298,0.211787838066712,1.6594345312724712,0.0473042686008712,11,circular_seed_33.json,DWA,10.0,0,0,0.0,Kinematic
64,38.0095114568604,0.6046078438423459,0.0793952791698753,1.473301717648839,0.0102023913353894,11,circular_seed_33.json,C3BF,10.0,31,0,0.0,Kinematic
65,15.39353172692039,3.807185085977908,0.1232791675143036,1.2681460235895297,0.008737119092643,11,circular_seed_33.json,CBF,10.0,0,3,0.0,Kinematic
66,29.29388543070322,1.4117320485035874,0.2102127337208404,1.663533294846657,0.0625327897735196,14,circular_seed_61.json,DWA,11.5,0,0,0.0,Kinematic
67,31.01805730738509,0.4427261500789997,0.0450565100537278,1.848659747521651,0.0099146704224414,14,circular_seed_61.json,C3BF,11.5,1,0,0.0,Kinematic
68,34.39853821221437,2.3967573975551737,0.0711016699248746,1.6080448767431903,0.0103981733322143,14,circular_seed_61.json,CBF,11.5,0,0,0.0,Kinematic
69,38.62195522674968,1.4434377581683198,0.1957739765273242,1.6872025220205404,0.0478100880238804,10,circular_seed_44.json,DWA,10.0,0,0,0.0,Kinematic
70,-3.2667807230968835,0.4311970095173036,0.047402261933505,1.8269654657703336,0.0089839824195047,10,circular_seed_44.json,C3BF,10.0,1,2,0.0,Kinematic
71,24.76512454847515,1.527362129434916,0.067362900358011,1.6594535404461297,0.0090408801558477,10,circular_seed_44.json,CBF,10.0,0,0,0.0,Kinematic
72,38.274408783371214,1.273772998649641,0.1934200701356784,1.6720162780624976,0.0540719010129737,12,circular_seed_48.json,DWA,10.0,0,1,0.0,Kinematic
73,34.04881413208136,0.6133486114654301,0.0525611130087841,1.5935902373337016,0.0046053454889449,12,circular_seed_48.json,C3BF,10.0,13,0,0.0,Kinematic
74,42.747399685899886,2.806546644045127,0.0675707309542881,1.3995436549092295,0.0081141670054369,12,circular_seed_48.json,CBF,10.0,0,0,0.0,Kinematic
75,17.63552406773967,1.6127238112768565,0.2061618462968199,1.6476008148072232,0.0450209909743005,7,circular_seed_15.json,DWA,10.0,0,0,0.0,Kinematic
76,37.76221228885158,0.4571023237712506,0.05298346539336,1.826732788910472,0.0026311973730723,7,circular_seed_15.json,C3BF,10.0,0,0,0.0,Kinematic
77,39.351427605975495,1.2169116842438945,0.0676391001204653,1.697222653200411,0.0026032039741534,7,circular_seed_15.json,CBF,10.0,0,0,0.0,Kinematic
78,15.36969280652986,1.690159082619358,0.1504025627054348,1.7693757663593466,0.0353950841432916,5,circular_seed_3.json,DWA,10.0,0,0,0.0,Kinematic
79,20.25528454489952,0.2838456454599451,0.0234177256511467,1.878354325764604,0.0026511521566481,5,circular_seed_3.json,C3BF,10.0,0,0,0.0,Kinematic
80,20.25613430125569,0.283806818114983,0.0227575046689263,1.8783685065083788,0.0025755312076952,5,circular_seed_3.json,CBF,10.0,0,0,0.0,Kinematic
81,48.09866884754663,1.2524727735079324,0.2484241489642386,1.603835344614874,0.0570055815400977,14,circular_seed_62.json,DWA,11.5,0,0,0.0,Kinematic
82,40.00923303989835,0.6928022420022718,0.0423749594864463,1.5911314909506356,0.010298336684826,14,circular_seed_62.json,C3BF,11.5,16,0,0.0,Kinematic
83,214.65653132491525,2.602923717104838,0.0747718269112766,1.3084858716675336,0.0041379420300747,14,circular_seed_62.json,CBF,11.5,0,1,0.0,Kinematic
84,19.85069221715382,1.491842105163712,0.1759470612477431,1.682051106042049,0.0526981827998356,10,circular_seed_27.json,DWA,10.0,0,0,0.0,Kinematic
85,28.46057519076796,0.4172570755590879,0.0334328088615629,1.8297838460932376,0.0028724865892446,10,circular_seed_27.json,C3BF,10.0,0,0,0.0,Kinematic
86,21.92579155541977,1.0626862636813197,0.0367037461879686,1.1927298902530938,0.0028485453137963,10,circular_seed_27.json,CBF,10.0,0,0,0.0,Kinematic
87,33.54570816345379,1.281863668343461,0.2460342298916013,1.5439565935072996,0.0568537338186074,11,circular_seed_37.json,DWA,10.0,0,0,0.0,Kinematic
88,62.89630543460894,0.482208109770977,0.0422945156196574,1.8009951688113957,0.0029979737866826,11,circular_seed_37.json,C3BF,10.0,0,0,0.0,Kinematic
89,243.7946268665484,1.2800445648346983,0.0272112444324919,1.5737234381266576,0.0031346987417289,11,circular_seed_37.json,CBF,10.0,0,0,0.0,Kinematic
90,73.44373764853536,1.434545798401855,0.2509006316134505,1.6340965966710437,0.0516116372654947,10,circular_seed_29.json,DWA,10.0,0,0,0.0,Kinematic
91,41.91502850793226,0.3815391740107168,0.0341344374674337,1.8422805993721536,0.0029090280590811,10,circular_seed_29.json,C3BF,10.0,0,0,0.0,Kinematic
92,48.54221448980203,1.8532012115766008,0.0610607087867982,1.6121154985159565,0.0029407598308681,10,circular_seed_29.json,CBF,10.0,0,0,0.0,Kinematic
93,12.809439649223094,1.4691236423151317,0.1911612294808379,1.6173984526112186,0.0416527625893344,5,circular_seed_9.json,DWA,8.0,0,0,0.0,Kinematic
94,34.69351523792877,0.4038461464335016,0.0579173576400226,1.826923078654593,0.0025274124145507,5,circular_seed_9.json,C3BF,8.0,0,0,0.0,Kinematic
95,34.693515237814,0.4038461464330366,0.0579233908517683,1.8269230786530253,0.0025754518508911,5,circular_seed_9.json,CBF,8.0,0,0,0.0,Kinematic
96,32.01599249357202,1.4188872478728567,0.224975749993037,1.5716388502325134,0.0423239794644442,7,circular_seed_19.json,DWA,8.0,0,0,0.0,Kinematic
97,14.207086666721832,0.5518566934705793,0.0774895079890972,1.7846638518188125,0.0025952991336833,7,circular_seed_19.json,C3BF,8.0,0,1,0.0,Kinematic
98,36.53687961218338,2.4287684135302583,0.101707577655073,1.595568762191978,0.0024779996564311,7,circular_seed_19.json,CBF,8.0,0,0,0.0,Kinematic
99,64.32562482960056,1.5795553239070146,0.2220617173432806,1.7607213231736472,0.0488781406970917,9,circular_seed_24.json,DWA,10.0,0,0,0.0,Kinematic
100,25.192910374971056,0.5200607883989491,0.0472756682792235,1.8686666788184536,0.0091182035312317,9,circular_seed_24.json,C3BF,10.0,0,0,0.0,Kinematic
101,25.60263405038308,2.0362809318417097,0.0710827456542108,1.4587759502103708,0.0091176870638731,9,circular_seed_24.json,CBF,10.0,0,0,0.0,Kinematic
102,30.04646546437465,1.4389264463296807,0.2451747301958973,1.600436817257281,0.0504711868758211,9,circular_seed_26.json,DWA,10.0,0,0,0.0,Kinematic
103,56.760945219549285,0.4777066661353062,0.0460256917034259,1.8102758193351665,0.0034457142464816,9,circular_seed_26.json,C3BF,10.0,0,0,0.0,Kinematic
104,60.11478123482623,1.3918058766893913,0.0823056815085562,1.437695432763502,0.0026572214590536,9,circular_seed_26.json,CBF,10.0,0,0,0.0,Kinematic
105,70.14265898416119,1.4266847897366577,0.2766454110111839,1.5300489143473086,0.0451868290825837,7,circular_seed_18.json,DWA,8.0,0,0,0.0,Kinematic
106,48.3338377441283,0.5152732701928644,0.0570538368403669,1.7957328430125572,0.0026972356595491,7,circular_seed_18.json,C3BF,8.0,0,0,0.0,Kinematic
107,48.32812403443609,1.3619277184238936,0.0627146358296977,1.7215848459983292,0.0025350589274031,7,circular_seed_18.json,CBF,8.0,0,0,0.0,Kinematic
108,31.178228725627893,1.2713944663402634,0.2122667602891549,1.613497616038884,0.0527572142201516,11,circular_seed_34.json,DWA,10.0,0,0,0.0,Kinematic
109,34.88574773008218,0.4015407221966004,0.0372992518580487,1.8280590611534653,0.0028983184780138,11,circular_seed_34.json,C3BF,10.0,0,1,0.0,Kinematic
110,48.946754141051336,1.4818483532683813,0.0708639780521826,1.4834345841374323,0.0026691944562604,11,circular_seed_34.json,CBF,10.0,0,0,0.0,Kinematic
111,12.216699968318895,1.5722479335694062,0.1596235942317846,1.6922325492020405,0.0360506761034196,5,circular_seed_7.json,DWA,8.0,0,0,0.0,Kinematic
112,27.67557698591325,0.347545668966316,0.0539022276851385,1.8510381067702937,0.0026770253586613,5,circular_seed_7.json,C3BF,8.0,0,0,0.0,Kinematic
113,27.80372599846853,0.5981161897081407,0.055618435562548,1.8366894780478675,0.0027122111768012,5,circular_seed_7.json,CBF,8.0,0,0,0.0,Kinematic
114,45.52764207600566,1.388101559392943,0.2863477968196409,1.522439383935564,0.055778342715943,11,circular_seed_46.json,DWA,10.0,0,0,0.0,Kinematic
115,67.81806982498384,0.6095040167700491,0.060603738468371,1.7997341816152244,0.0030859357948544,11,circular_seed_46.json,C3BF,10.0,1,0,0.0,Kinematic
116,460.6099009021287,2.315989654951939,0.0645205835929243,0.9855258231828042,0.0032205370693272,11,circular_seed_46.json,CBF,10.0,0,0,0.0,Kinematic
117,99.34731317901392,1.3307445628845336,0.2485665589571273,1.6427129569347112,0.0525362097839424,12,circular_seed_51.json,DWA,11.0,0,0,0.0,Kinematic
118,33.01118046620699,0.4249623564988444,0.0339153963932605,1.812398823540528,0.009618985166988,12,circular_seed_51.json,C3BF,11.0,1,0,0.0,Kinematic
119,13.570283458652584,3.435271217084312,0.0744557273907298,1.3290347458398115,0.0091503028211922,12,circular_seed_51.json,CBF,11.0,0,3,0.0,Kinematic
120,43.515703320796185,1.732634734299998,0.1612673723199397,1.848779782081652,0.0386564657197776,6,circular_seed_12.json,DWA,10.0,0,0,0.0,Kinematic
121,16.45439820986185,0.3237503057350193,0.0319895771361592,1.8236351768878896,0.0026803215344746,6,circular_seed_12.json,C3BF,10.0,0,0,0.0,Kinematic
122,27.43725614416676,1.022854355542667,0.0573910140225329,1.5969206367315305,0.0026753605275914,6,circular_seed_12.json,CBF,10.0,0,0,0.0,Kinematic
123,14.6016246785766,1.5663626978103142,0.1642443054541096,1.7005030421369631,0.0350169179091139,5,circular_seed_8.json,DWA,8.0,0,0,0.0,Kinematic
124,24.521184187762465,0.4952586274198929,0.0596428263527525,1.784081058892707,0.0026622919969155,5,circular_seed_8.json,C3BF,8.0,4,0,0.0,Kinematic
125,24.92607298144577,1.4541069898947216,0.0892005474373403,1.692907053990045,0.0023626328759654,5,circular_seed_8.json,CBF,8.0,0,0,0.0,Kinematic
126,29.117270450346663,1.4724246140336332,0.1787928566761334,1.7077587774270526,0.0550933737310968,13,circular_seed_54.json,DWA,11.5,0,0,0.0,Kinematic
127,36.36497380512904,0.453239100294098,0.0307166729805305,1.8247005731426664,0.0032023391269502,13,circular_seed_54.json,C3BF,11.5,1,0,0.0,Kinematic
128,52.989003598166505,1.849099543323576,0.0830021576193668,0.9342189887715584,0.0041146452587441,13,circular_seed_54.json,CBF,11.5,0,0,0.0,Kinematic
129,60.717394567174495,1.4069984588433826,0.2023767422669886,1.6840902058048808,0.0520096406704042,12,circular_seed_53.json,DWA,11.5,0,0,0.0,Kinematic
130,29.88765278445385,0.3928545229636555,0.0386105157012115,1.860347561367832,0.0083202973053725,12,circular_seed_53.json,C3BF,11.5,0,0,0.0,Kinematic
131,30.089542492892186,2.057033164283092,0.0484227992500766,1.727057670183026,0.0076712287744336,12,circular_seed_53.json,CBF,11.5,0,0,0.0,Kinematic
132,27.21531646378273,1.730069170808018,0.1110357169318169,1.880922654437912,0.0316099153642137,5,circular_seed_0.json,DWA,14.142135623730953,0,0,0.0,Kinematic
133,41.102744942125,0.14470280479949,0.0059960688329917,0.7344362819252079,0.0025273487513831,5,circular_seed_0.json,C3BF,14.142135623730953,0,0,0.0,Kinematic
134,67.00195621765003,0.375864272829961,0.005484453897447,0.7326058591942651,0.0027847049274044,5,circular_seed_0.json,CBF,14.142135623730953,0,0,0.0,Kinematic
135,24.301500343087127,1.622399818371792,0.1423020140940834,1.8305668264546928,0.0357562370568394,5,circular_seed_4.json,DWA,10.0,0,0,0.0,Kinematic
136,-8.670385027730129,0.3576021624574345,0.0548755839529964,1.8499136574888648,0.0027176918302263,5,circular_seed_4.json,C3BF,10.0,0,1,0.0,Kinematic
137,17.284932439831557,1.1340703614542214,0.0703174303916005,1.7706936767861483,0.0025879804277324,5,circular_seed_4.json,CBF,10.0,0,0,0.0,Kinematic
138,17.804394745819227,1.6291748809827853,0.1685682893476731,1.7014448006075458,0.0461102053523063,8,circular_seed_40.json,DWA,10.0,0,0,0.0,Kinematic
139,33.039587314182455,0.3650842379117621,0.0342846241859649,1.849387360581718,0.0028314326538601,8,circular_seed_40.json,C3BF,10.0,0,0,0.0,Kinematic
140,35.020072980230616,1.4545758478431836,0.0506431707618785,1.735341819666412,0.0027723140883864,8,circular_seed_40.json,CBF,10.0,0,0,0.0,Kinematic
141,20.794607968180948,1.5021099909114923,0.2207905531972374,1.6003023442699125,0.0444120257217855,8,circular_seed_39.json,DWA,10.0,0,0,0.0,Kinematic
142,34.580022947278785,0.396050139313963,0.0529277320429483,1.83721631718692,0.0027928433635018,8,circular_seed_39.json,C3BF,10.0,0,0,0.0,Kinematic
143,37.79139917115776,1.789774968678545,0.0935491398961076,1.5237274703223298,0.0027641734656165,8,circular_seed_39.json,CBF,10.0,0,0,0.0,Kinematic
144,26.610996299462407,1.5064577861048345,0.2185782346154346,1.67159645953487,0.0449030747334264,9,circular_seed_25.json,DWA,10.0,0,0,0.0,Kinematic
145,29.058859556736465,0.3744586898096422,0.0383540605182344,1.8560847359333608,0.0029470872284838,9,circular_seed_25.json,C3BF,10.0,1,0,0.0,Kinematic
146,33.32643662576741,1.455663424783502,0.0875052354139092,1.5458253497020733,0.0028348333534153,9,circular_seed_25.json,CBF,10.0,0,0,0.0,Kinematic
147,17.49113523043879,1.5660175709961943,0.1811376582308967,1.714971179668625,0.0453822582906815,8,circular_seed_38.json,DWA,10.0,0,0,0.0,Kinematic
148,29.87372368426184,0.4019142919587132,0.0358610960874467,1.8532940485653813,0.0029445829033211,8,circular_seed_38.json,C3BF,10.0,0,0,0.0,Kinematic
149,30.467379687063776,1.363337803647881,0.0489731036401718,1.7621826696601677,0.0028546987953832,8,circular_seed_38.json,CBF,10.0,0,0,0.0,Kinematic
150,45.21853496116928,1.3119930429319802,0.2141420487229024,1.6609093033195768,0.0520769607052634,12,circular_seed_50.json,DWA,11.0,0,0,0.0,Kinematic
151,31.27433222143813,0.4728365488004258,0.0320167220751279,1.831378909346692,0.0030167287333191,12,circular_seed_50.json,C3BF,11.0,4,0,0.0,Kinematic
152,63.76828891358929,1.9527546741824544,0.077119935022891,1.3010228798747991,0.0041860338873739,12,circular_seed_50.json,CBF,11.0,0,0,0.0,Kinematic
153,25.56354278515258,1.5083299546378872,0.2514974664676179,1.7013003133474427,0.0428191587420704,7,circular_seed_17.json,DWA,10.0,0,0,0.0,Kinematic
154,31.11072023633114,0.3670912892234879,0.04545291427646,1.8487549699035173,0.0025438504503262,7,circular_seed_17.json,C3BF,10.0,0,0,0.0,Kinematic
155,30.93574597736748,1.1023264392540633,0.059610495963061,1.7371241239626656,0.0025273220534256,7,circular_seed_17.json,CBF,10.0,0,0,0.0,Kinematic
156,37.62002757107885,1.4252804953487332,0.2131884050172894,1.6167163059833805,0.0504971908680366,11,circular_seed_32.json,DWA,10.0,0,0,0.0,Kinematic
157,36.37891048601808,0.3970846041351386,0.0316981863685168,1.841109277997159,0.0029648852631784,11,circular_seed_32.json,C3BF,10.0,1,0,0.0,Kinematic
158,38.13151590024045,1.4129303593628757,0.0495554321680634,1.7804191528716848,0.0029918221151752,11,circular_seed_32.json,CBF,10.0,0,0,0.0,Kinematic
159,24.74468228729712,1.700004857376566,0.1156363533909354,1.804125013737204,0.0352838690414566,6,circular_seed_14.json,DWA,10.0,0,0,0.0,Kinematic
160,5.004690835836949,0.3676605648255351,0.0478508346008581,1.8518587493643075,0.0025936425742456,6,circular_seed_14.json,C3BF,10.0,0,1,0.0,Kinematic
161,22.07355022064653,1.2340187045844695,0.0713077899377489,1.7167206831486068,0.0025328567443793,6,circular_seed_14.json,CBF,10.0,0,0,0.0,Kinematic
162,69.08344461685107,1.255321192803793,0.2388551041424172,1.6187663249352704,0.0475455935228986,11,circular_seed_36.json,DWA,10.0,0,0,0.0,Kinematic
163,42.570759634527846,0.4096343213596095,0.0430411257976154,1.8302208513196307,0.0036215429852722,11,circular_seed_36.json,C3BF,10.0,0,0,0.0,Kinematic
164,44.01312498946056,1.5624370241265362,0.0607373147182183,1.7220439878208909,0.0033466051786373,11,circular_seed_36.json,CBF,10.0,0,0,0.0,Kinematic
165,41.27101906483214,1.326292432228099,0.2068546235416519,1.6037947109570372,0.0462459408048732,10,circular_seed_45.json,DWA,10.0,0,0,0.0,Kinematic
166,31.55655207289692,0.5005754397321255,0.0447679634952628,1.834468303150684,0.010279278989059,10,circular_seed_45.json,C3BF,10.0,1,0,0.0,Kinematic
167,30.177801479423216,1.4585707403982555,0.0303339298849338,1.343697136189715,0.0095169479844655,10,circular_seed_45.json,CBF,10.0,0,0,0.0,Kinematic
168,27.986743779552008,1.3500097485021845,0.2159022033990559,1.6048076025090117,0.0528475738270378,13,circular_seed_55.json,DWA,11.5,0,0,0.0,Kinematic
169,33.97629480698412,0.3941479817852598,0.0334379677332589,1.8472792137455047,0.0117088824733217,13,circular_seed_55.json,C3BF,11.5,0,0,0.0,Kinematic
170,298.6813443279009,1.91406523862896,0.0493436342620226,1.5427699130414052,0.0073369396596715,13,circular_seed_55.json,CBF,11.5,0,0,0.0,Kinematic
171,60.60292647876252,1.433755439210694,0.200799445791246,1.720824405478556,0.0560654918240829,14,circular_seed_57.json,DWA,11.5,0,0,0.0,Kinematic
172,13.38522056277813,0.5330748458011226,0.0652388619444119,1.773966442827583,0.0116066724662012,14,circular_seed_57.json,C3BF,11.5,11,1,0.0,Kinematic
173,-4.455759649282876,3.985040152572558,0.114013973752245,0.8513130671131741,0.0070776625377375,14,circular_seed_57.json,CBF,11.5,0,5,0.0,Kinematic
174,39.31608834179035,1.4710408841899008,0.1559954486035485,1.7644758032906531,0.0501559755194776,10,circular_seed_42.json,DWA,10.0,0,0,0.0,Kinematic
175,11.062529372778254,0.6282257132985966,0.0559401377319806,1.779229293362829,0.0111946111807793,10,circular_seed_42.json,C3BF,10.0,7,0,0.0,Kinematic
176,24.10474785078275,2.7298255221445915,0.1131205508718809,1.0852638360080484,0.0073407609101276,10,circular_seed_42.json,CBF,10.0,0,0,0.0,Kinematic
177,33.43742106749157,0.5647235625386413,0.1375262244017739,1.3482409504984014,0.0298974204154997,11,circular_seed_47.json,LBP,10.0,1,0,0.0,Kinematic
178,123.75854640912192,0.3249197418201494,0.1364403003236491,1.2707038742239138,0.0159790505839802,5,circular_seed_1.json,LBP,14.142135623730953,0,0,0.0,Kinematic
179,77.94902764821309,0.49036410396599,0.1932888868225825,0.8665387327118783,0.0271185982313277,11,circular_seed_30.json,LBP,10.0,0,0,0.0,Kinematic
180,54.46196287547726,0.394244738311477,0.1187251728651605,1.515706316366537,0.0198349291565774,5,circular_seed_6.json,LBP,10.0,0,0,0.0,Kinematic
181,65.58305888241854,0.3707513241669734,0.1606266384892704,1.1251470288661891,0.025556320243782,7,circular_seed_21.json,LBP,8.0,0,0,0.0,Kinematic
182,56.8779556530036,0.483420367004063,0.1723934434998247,1.0668453631888113,0.0318207191686107,13,circular_seed_56.json,LBP,11.5,0,0,0.0,Kinematic
183,31.968037315786034,0.6026103581751004,0.130328056064183,1.4098047744702724,0.0271184795043047,10,circular_seed_28.json,LBP,10.0,0,0,0.0,Kinematic
184,59.461171339464975,0.5245285810680202,0.1618216424714251,1.3136555654366315,0.0339730848721551,14,circular_seed_60.json,LBP,11.5,4,0,0.0,Kinematic
185,118.23305401922988,0.2400457803108733,0.1508049106609615,1.3524382119631528,0.0199898792469473,5,circular_seed_5.json,LBP,10.0,0,0,0.0,Kinematic
186,53.41685979107146,0.4925235332814304,0.1666165088538901,1.3662079813582495,0.0211160703186403,6,circular_seed_13.json,LBP,10.0,0,0,0.0,Kinematic
187,109.13515797642148,0.3257283906506395,0.1816453127078917,1.2797605095152942,0.020472763724949,7,circular_seed_16.json,LBP,10.0,0,0,0.0,Kinematic
188,57.74366644229997,0.6595684365133064,0.1677357019292413,1.2515809166591685,0.0289223392576355,11,circular_seed_35.json,LBP,10.0,0,0,0.0,Kinematic
189,96.9604277844557,0.4979684680282594,0.1407215195907656,1.2819438709318982,0.0223699055721216,9,circular_seed_22.json,LBP,10.0,0,0,0.0,Kinematic
190,66.26548181983179,0.5126043788303397,0.1341473231738258,0.9816525128758828,0.0207521685604321,9,circular_seed_23.json,LBP,10.0,0,0,0.0,Kinematic
191,128.07242880083177,0.5733402073069997,0.2235838217008239,1.0163658840741232,0.0244483800911556,7,circular_seed_20.json,LBP,8.0,0,0,0.0,Kinematic
192,37.24513728088476,0.5180677954565973,0.1607253330682755,1.2176236191583103,0.0235074589855151,6,circular_seed_10.json,LBP,8.0,0,0,0.0,Kinematic
193,50.41479207349085,0.6367674177228339,0.1234030537051769,1.451038979344305,0.0291406290625837,12,circular_seed_52.json,LBP,11.5,2,0,0.0,Kinematic
194,62.67407903892166,0.4942225322561944,0.12752659269152,1.400518407991603,0.0226844300483835,8,circular_seed_43.json,LBP,10.0,0,0,0.0,Kinematic
195,42.15872028813863,0.5389304967169088,0.1441598353872167,1.2088025125952273,0.0262554346364799,14,circular_seed_63.json,LBP,11.5,2,1,0.0,Kinematic
196,106.43656506379207,0.4020713509096228,0.2214879709871485,1.155517857900984,0.0317877263036267,11,circular_seed_31.json,LBP,10.0,0,0,0.0,Kinematic
197,64.02864604209944,0.5202964495670684,0.1820890616266482,1.2583620516920029,0.0322868431022675,12,circular_seed_49.json,LBP,10.0,0,0,0.0,Kinematic
198,61.226862818900194,0.5044967069082048,0.1537139663070404,1.289186925635054,0.0279989683476959,11,circular_seed_33.json,LBP,10.0,1,0,0.0,Kinematic
199,71.70692642302824,0.5040502277839181,0.2018171833146091,1.047646787403277,0.0276432153954622,14,circular_seed_61.json,LBP,11.5,0,0,0.0,Kinematic
200,40.88299526809418,0.598120390370138,0.1439039057682782,1.3740716977295464,0.0243449921578445,10,circular_seed_44.json,LBP,10.0,0,0,0.0,Kinematic
201,55.882175629176864,0.5011734734194825,0.1682342036263694,1.2718248708293762,0.025231658057733,12,circular_seed_48.json,LBP,10.0,0,0,0.0,Kinematic
202,143.08484345105998,0.2064085937258825,0.1799984012417027,1.1295664495180644,0.0222103664965897,7,circular_seed_15.json,LBP,10.0,0,0,0.0,Kinematic
203,103.3450908150925,0.2663561261518742,0.1542587168248689,1.287874412295645,0.0169801351160382,5,circular_seed_3.json,LBP,10.0,0,0,0.0,Kinematic
204,66.10806735056339,0.571086180528952,0.163204735482563,0.95285149627188,0.0233136277813208,14,circular_seed_62.json,LBP,11.5,7,1,0.0,Kinematic
205,67.284285146732,0.5509136839963957,0.1492452433503983,1.3769141270075704,0.0272496891690387,10,circular_seed_27.json,LBP,10.0,0,0,0.0,Kinematic
206,116.8320999359486,0.3836519772543255,0.2403494248090734,0.991738811083372,0.0267443695024812,11,circular_seed_37.json,LBP,10.0,0,0,0.0,Kinematic
207,77.95346986411391,0.4244875196148412,0.1946877334808548,1.2504494361019596,0.0244994235934494,10,circular_seed_29.json,LBP,10.0,0,0,0.0,Kinematic
208,110.5853450378356,0.1116666021886196,0.1839000393688224,0.9189239108720318,0.020712908329231,5,circular_seed_9.json,LBP,8.0,0,0,0.0,Kinematic
209,59.61719765073365,0.509414716706736,0.2206498454016705,0.8899157547665297,0.0189956072069846,7,circular_seed_19.json,LBP,8.0,0,0,0.0,Kinematic
210,45.39970370626581,0.5122146743489995,0.1540898215777195,1.124111281666832,0.0232954848022845,9,circular_seed_24.json,LBP,10.0,0,0,0.0,Kinematic
211,133.34653851825198,0.353764325624475,0.2151461434520799,1.0918641351828868,0.0266276466977465,9,circular_seed_26.json,LBP,10.0,0,0,0.0,Kinematic
212,88.64624745060273,0.3162038717836832,0.1981824440684362,1.0918123140290128,0.0245078448591561,7,circular_seed_18.json,LBP,8.0,0,0,0.0,Kinematic
213,79.69475637998492,0.4846591245168696,0.2238140467088781,1.047112028665408,0.0279267382148085,11,circular_seed_34.json,LBP,10.0,0,1,0.0,Kinematic
214,122.86609547400376,0.2311300741248332,0.1917278294316756,1.0507199283073767,0.0157670180002848,5,circular_seed_7.json,LBP,8.0,0,0,0.0,Kinematic
215,104.94016898807062,0.3871655678869638,0.2543514893541045,0.8235084972001334,0.0278580674475446,11,circular_seed_46.json,LBP,10.0,0,0,0.0,Kinematic
216,56.38106812217412,0.5094833276360715,0.2108110230229406,0.898789188126659,0.0221482334680625,12,circular_seed_51.json,LBP,11.0,0,0,0.0,Kinematic
217,50.826109652665615,0.373907581437521,0.1311741632325521,1.3849713976988272,0.0174790535570942,6,circular_seed_12.json,LBP,10.0,0,0,0.0,Kinematic
218,45.8969772170733,0.4917797052281975,0.1145644643444984,1.3745625215821176,0.0183904196672422,5,circular_seed_8.json,LBP,8.0,0,0,0.0,Kinematic
219,79.06022472833921,0.4151196404764585,0.1708313069981227,1.2657306632143437,0.0267536540217855,13,circular_seed_54.json,LBP,11.5,0,0,0.0,Kinematic
220,91.98817723042198,0.3734462365945929,0.1795493984906921,1.1894907693977514,0.025108548295688,12,circular_seed_53.json,LBP,11.5,1,0,0.0,Kinematic
221,41.03261770243127,0.3271609391640938,0.1204201505814627,0.992877116732409,0.0133474112765209,5,circular_seed_0.json,LBP,14.142135623730953,0,0,0.0,Kinematic
222,115.52126255503526,0.290238160396926,0.2004887917144591,1.315197129652002,0.0145621520602169,5,circular_seed_4.json,LBP,10.0,0,0,0.0,Kinematic
223,94.01052217117362,0.3458340981543519,0.1571155973966687,1.333528574926014,0.0216925477559587,8,circular_seed_40.json,LBP,10.0,0,0,0.0,Kinematic
224,98.74206205187431,0.4078116130413505,0.1729277669684682,1.3995401018577032,0.0228423187462472,8,circular_seed_39.json,LBP,10.0,0,0,0.0,Kinematic
225,89.53303234730818,0.6238288730383317,0.1900124943132796,1.082690603026777,0.0206088348260529,9,circular_seed_25.json,LBP,10.0,5,0,0.0,Kinematic
226,85.64193287527272,0.4844225600058173,0.139753369302473,1.3716962168248017,0.0238930716443417,8,circular_seed_38.json,LBP,10.0,0,0,0.0,Kinematic
227,104.53283821352083,0.449210045893956,0.1671303813301959,1.1538332864919507,0.025808136219375,12,circular_seed_50.json,LBP,11.0,0,0,0.0,Kinematic
228,117.36511727583104,0.2637990077666451,0.1701193309136325,1.2266860630345475,0.0246560428174621,7,circular_seed_17.json,LBP,10.0,0,0,0.0,Kinematic
229,81.749939870667,0.4985175385387313,0.2034039822580218,1.1081462780262137,0.0241573490911773,11,circular_seed_32.json,LBP,10.0,0,0,0.0,Kinematic
230,57.85138758153732,0.3730052790195703,0.1071932174513001,1.4288625045869985,0.0196927035506151,6,circular_seed_14.json,LBP,10.0,0,0,0.0,Kinematic
231,75.13767268906112,0.4718603422408627,0.2029518738111294,1.154758902758933,0.0275211724800262,11,circular_seed_36.json,LBP,10.0,0,0,0.0,Kinematic
232,83.87793582421715,0.415488860375308,0.1575999739914153,1.287517970752183,0.0243903333205563,10,circular_seed_45.json,LBP,10.0,0,0,0.0,Kinematic
233,118.34560404563967,0.3383097938291148,0.2103230594594576,0.996932355047064,0.0285201454310798,13,circular_seed_55.json,LBP,11.5,0,0,0.0,Kinematic
234,64.56483459225511,0.4699664533710538,0.2132907949349381,0.5461961995117984,0.0223988624046202,14,circular_seed_57.json,LBP,11.5,1,0,0.0,Kinematic
235,21.49276172868069,0.7182815625215391,0.1568775818429024,1.337940067248227,0.0250896516843205,10,circular_seed_42.json,LBP,10.0,2,1,0.0,Kinematic
236,24.88723498548712,1.7425867650913531,0.110168283285228,1.8744835130402389,0.0368012012251271,5,circular_seed_2.json,DWA,14.142135623730953,0,0,0.0,Dynamic
237,47.2457385462799,0.1409397932471088,0.0109953598761469,0.7408217482910382,0.0027969663588914,5,circular_seed_2.json,C3BF,14.142135623730953,4,0,0.0,Dynamic
238,46.19008524863419,0.1413715472099517,0.0108593225289133,0.7522629740636985,0.0030972672901612,5,circular_seed_2.json,CBF,14.142135623730953,0,0,0.0,Dynamic
239,38.15286490306574,0.2489679959052104,0.1125734809862701,1.3384756208882478,0.0152068590842841,5,circular_seed_2.json,LBP,14.142135623730953,0,0,0.0,Dynamic
240,50.583015473762096,1.4167740733859826,0.2287602691187727,1.6430038595222232,0.0626486935266634,14,circular_seed_58.json,DWA,11.5,0,0,0.0,Dynamic
241,29.24684314938986,0.4556934061005879,0.0235131847450962,1.807818367944432,0.0087931853968922,14,circular_seed_58.json,C3BF,11.5,1,0,0.0,Dynamic
242,35.0738459279778,1.5027371887207883,0.0329250838175521,1.4132074073394791,0.0057871553824911,14,circular_seed_58.json,CBF,11.5,0,0,0.0,Dynamic
243,29.11367467626285,0.3583960311763139,0.2740343293437701,0.919004769658929,0.0226835057742263,14,circular_seed_58.json,LBP,11.5,0,0,0.0,Dynamic
244,24.18816045348039,1.6065386956643282,0.2119158042982618,1.6220814044775222,0.0493066673324113,8,circular_seed_41.json,DWA,10.0,0,0,0.0,Dynamic
245,38.78845280225477,0.4605601292142811,0.0816660634675688,1.8081564630290925,0.0089728911154095,8,circular_seed_41.json,C3BF,10.0,0,0,0.0,Dynamic
246,40.726934467022616,1.4582284663502516,0.1029003511765554,1.5735403396145018,0.0094223948625417,8,circular_seed_41.json,CBF,10.0,0,0,0.0,Dynamic
247,68.01098622210742,0.1963671323345279,0.2476580062867137,0.9611116099564614,0.018705135397425,8,circular_seed_41.json,LBP,10.0,0,0,0.0,Dynamic
248,12.010591857729752,1.4220836086752853,0.1977507551778814,1.6328257794171628,0.0639865654210249,14,circular_seed_59.json,DWA,11.5,0,0,0.0,Dynamic
249,86.72060230383029,0.8797366151018506,0.0467588583522165,1.5009391285295377,0.0096515529222108,14,circular_seed_59.json,C3BF,11.5,2,0,0.0,Dynamic
250,128.14614380976735,2.3176998071464494,0.0206213584052966,1.0502522750646288,0.0085098990827503,14,circular_seed_59.json,CBF,11.5,0,0,0.0,Dynamic
251,47.89167133332956,0.2655753158783431,0.2781595733847692,0.8560720440962077,0.0213827406214302,14,circular_seed_59.json,LBP,11.5,0,0,0.0,Dynamic
252,40.64358576772316,1.577296501011925,0.1495626068935693,1.814885171645706,0.0388504284579737,6,circular_seed_11.json,DWA,10.0,0,0,0.0,Dynamic
253,18.06512559791044,0.4361284179116129,0.0443703173518198,1.7796042425292695,0.0029883884614513,6,circular_seed_11.json,C3BF,10.0,0,0,0.0,Dynamic
254,17.831507821038034,2.2310610774917645,0.0705801646407883,1.5853445459582003,0.0029592520879365,6,circular_seed_11.json,CBF,10.0,0,0,0.0,Dynamic
255,6.924852671195772,0.4983157048719162,0.1734659644292291,1.245971770040181,0.015842660789576,6,circular_seed_11.json,LBP,10.0,0,0,0.0,Dynamic
256,10.083756967018346,1.811190305675612,0.0848259086184108,1.881964190045696,0.0322677621148653,5,circular_seed_2.json,DWA,14.142135623730953,0,0,0.0,Kinematic
257,43.9918723625549,0.1371854543024666,0.010445838876443,0.739162860495247,0.0027325785931629,5,circular_seed_2.json,C3BF,14.142135623730953,3,0,0.0,Kinematic
258,47.59924893417672,0.1480601601298143,0.0100828896224466,0.7576680001185159,0.0030113852582471,5,circular_seed_2.json,CBF,14.142135623730953,0,0,0.0,Kinematic
259,39.71069776016567,0.3194416975174058,0.0993571802818006,1.516869675116165,0.0173990584272987,5,circular_seed_2.json,LBP,14.142135623730953,0,0,0.0,Kinematic
260,37.01120791767453,1.4496143730830238,0.2037473701956081,1.6845740546020718,0.0685196018706985,14,circular_seed_58.json,DWA,11.5,0,0,0.0,Kinematic
261,23.310233898481783,0.4716551772928011,0.0217613411042776,1.8080382181302088,0.0062968380180373,14,circular_seed_58.json,C3BF,11.5,4,1,0.0,Kinematic
262,33.662129050049074,2.036959052897545,0.0430942906654926,1.5694498084025146,0.0058697950302873,14,circular_seed_58.json,CBF,11.5,0,0,0.0,Kinematic
263,77.6545988916777,0.467810408811123,0.1873577836427163,0.975342349682924,0.0293002456365923,14,circular_seed_58.json,LBP,11.5,0,0,0.0,Kinematic
264,37.94470646079535,1.5701602476281808,0.2192817407215269,1.6444786613979403,0.0565517892879722,8,circular_seed_41.json,DWA,10.0,0,0,0.0,Kinematic
265,43.31623270346029,0.4142735328420199,0.0725087692267688,1.823271759036228,0.0060050725383714,8,circular_seed_41.json,C3BF,10.0,0,0,0.0,Kinematic
266,45.52950714067079,1.2147721142835133,0.1003678208118144,1.7336521377980023,0.0067711539890455,8,circular_seed_41.json,CBF,10.0,0,0,0.0,Kinematic
267,131.665985633376,0.260620634744111,0.1892726914839148,1.156664781646543,0.0394458586670631,8,circular_seed_41.json,LBP,10.0,0,0,0.0,Kinematic
268,33.919628101734965,1.3647570102886,0.2007532507349315,1.6634794082464244,0.0735130649380916,14,circular_seed_59.json,DWA,11.5,0,0,0.0,Kinematic
269,342.9897122061167,0.4896326435525099,0.0228154838806493,1.7106779226243316,0.0088788850979507,14,circular_seed_59.json,C3BF,11.5,1,0,0.0,Kinematic
270,221.7340286628252,2.806052955984628,0.031055381754795,1.318906387412156,0.0045972165150858,14,circular_seed_59.json,CBF,11.5,0,0,0.0,Kinematic
271,73.71311476015332,0.5999884856844172,0.2174715768659783,1.0727940048310929,0.0374927196931405,14,circular_seed_59.json,LBP,11.5,0,0,0.0,Kinematic
272,37.22891287279029,1.715336790887557,0.1315851409967419,1.8463932454306016,0.0448831031233158,6,circular_seed_11.json,DWA,10.0,0,0,0.0,Kinematic
273,0.1761908883174451,0.362542228956874,0.0383591191358898,1.8613784414494816,0.0029010874469105,6,circular_seed_11.json,C3BF,10.0,0,1,0.0,Kinematic
274,16.905146851030157,1.9424370100924355,0.0632686626521355,1.65399535160529,0.0029289611300131,6,circular_seed_11.json,CBF,10.0,0,0,0.0,Kinematic
275,26.60573005063932,0.4630026546352911,0.1141837809149193,1.2977173000655815,0.0226440041354208,6,circular_seed_11.json,LBP,10.0,0,0,0.0,Kinematic
276,49.18001045681933,1.4354993559486096,0.199437083622116,1.7064685860463713,0.0567315035791539,11,circular_seed_47.json,DWA,10.0,0,0,0.0,Dynamic
277,54.40292080483993,0.383034246956153,0.0381678761621383,1.622488268523557,0.0032107385269155,11,circular_seed_47.json,C3BF,10.0,7,0,0.0,Dynamic
278,37.53737581432574,2.1102322741595017,0.0514030882381971,1.2870930293312153,0.0065071872433128,11,circular_seed_47.json,CBF,10.0,0,0,0.0,Dynamic
279,28.43055128711981,0.3433736747551267,0.2683346683255418,0.7463807729953608,0.0173817662246925,11,circular_seed_47.json,LBP,10.0,2,0,0.0,Dynamic
280,6.102701553408632,1.8067430753610247,0.0830703076909065,1.8406180654373208,0.0348523450934368,5,circular_seed_1.json,DWA,14.142135623730953,0,0,0.0,Dynamic
281,75.54000837791524,0.1882793580031018,0.0290430889425619,0.7346793441110924,0.0028532516338827,5,circular_seed_1.json,C3BF,14.142135623730953,0,0,0.0,Dynamic
282,65.40925100439895,2.4496089324520054,0.0822486522766172,0.4321008406182988,0.0029288918041091,5,circular_seed_1.json,CBF,14.142135623730953,0,0,0.0,Dynamic
283,89.00863414710304,0.1489769714047333,0.1730588985376752,1.1906542738292216,0.0139297238596669,5,circular_seed_1.json,LBP,14.142135623730953,0,0,0.0,Dynamic
284,36.39096058500841,1.2948598216074074,0.2353382544351832,1.5377721449278368,0.0525792338127313,11,circular_seed_30.json,DWA,10.0,0,0,0.0,Dynamic
285,19.23625236653137,0.3322746451782011,0.0219675441070305,1.2406312699802282,0.006451857417471,11,circular_seed_30.json,C3BF,10.0,14,0,0.0,Dynamic
286,36.33518355935199,2.326095845258464,0.0631824678647699,1.486069361930447,0.0031125689103658,11,circular_seed_30.json,CBF,10.0,0,0,0.0,Dynamic
287,72.94224473971707,0.2951830225975381,0.3164458925098021,0.6193512668297981,0.0141371003724746,11,circular_seed_30.json,LBP,10.0,1,0,0.0,Dynamic
288,17.320349569288492,1.5808041523245453,0.1481230391882696,1.7381810591351825,0.0359074643494516,5,circular_seed_6.json,DWA,10.0,0,0,0.0,Dynamic
289,19.39497854943908,0.3216708539417402,0.0675070390512982,1.8563357862245595,0.0026300369307052,5,circular_seed_6.json,C3BF,10.0,0,0,0.0,Dynamic
290,19.178639194284266,0.8923675934850532,0.0841331011770422,1.7682761126799171,0.0025837899293255,5,circular_seed_6.json,CBF,10.0,0,0,0.0,Dynamic
291,47.293577538097885,0.2392199853742257,0.1319437272691999,1.1354514256226005,0.0134274217994715,5,circular_seed_6.json,LBP,10.0,0,0,0.0,Dynamic
292,66.46677924691569,1.4070646438270795,0.2519119332444684,1.5412210165872426,0.0425960664731049,7,circular_seed_21.json,DWA,8.0,0,0,0.0,Dynamic
293,36.65182543467814,0.4867402076755246,0.0659622808150216,1.7920369996049743,0.0025407564640045,7,circular_seed_21.json,C3BF,8.0,0,0,0.0,Dynamic
294,54.04571112752334,2.534940894740616,0.1777489097204994,1.2179031186326654,0.0022479649719322,7,circular_seed_21.json,CBF,8.0,0,0,0.0,Dynamic
295,31.94422892725564,0.4827035479966714,0.2341665352900168,1.0999207993276077,0.0184246022809805,7,circular_seed_21.json,LBP,8.0,0,0,0.0,Dynamic
296,15.970065461165632,1.477772931420341,0.1603758793193588,1.693994979979967,0.0567037127999698,13,circular_seed_56.json,DWA,11.5,0,0,0.0,Dynamic
297,21.64993950086273,0.407912647696607,0.0382809386614497,1.848702589806792,0.0030353111880166,13,circular_seed_56.json,C3BF,11.5,2,0,0.0,Dynamic
298,27.98410355747239,2.891136363416972,0.0748239091963469,1.2373016487955146,0.0041542551772558,13,circular_seed_56.json,CBF,11.5,0,0,0.0,Dynamic
299,30.067582842272653,0.4509418552773934,0.2257454122506581,1.1346881213803544,0.0218118028100763,13,circular_seed_56.json,LBP,11.5,2,0,0.0,Dynamic
300,22.704126665253167,1.48349260854259,0.1442235716246139,1.763662422603824,0.0498771007753844,10,circular_seed_28.json,DWA,10.0,0,0,0.0,Dynamic
301,13.095323021517496,0.5131344274470243,0.0218885850974099,1.739541740404921,0.0029237057681374,10,circular_seed_28.json,C3BF,10.0,1,0,0.0,Dynamic
302,47.61672230262784,2.102045050657277,0.0427702426097037,1.1515538858079828,0.0037106346356926,10,circular_seed_28.json,CBF,10.0,0,0,0.0,Dynamic
303,20.96659738979968,0.3613349121649093,0.245888143457952,0.9934970452823788,0.0168174602385364,10,circular_seed_28.json,LBP,10.0,0,0,0.0,Dynamic
304,22.03593648300517,1.4161445956110026,0.1885159380107902,1.6586718060221284,0.0594001142710704,14,circular_seed_60.json,DWA,11.5,0,0,0.0,Dynamic
305,30.663134265137973,0.7191046976269663,0.0337265219155057,1.5415958838650077,0.0064301577190424,14,circular_seed_60.json,C3BF,11.5,4,0,0.0,Dynamic
306,30.09353914684287,1.788978181862838,0.0467319675462888,1.6426801996780065,0.0095969685388113,14,circular_seed_60.json,CBF,11.5,0,0,0.0,Dynamic
307,35.17719650137016,0.2637761347525195,0.3005914060634374,0.7421826607550585,0.0175424187236422,14,circular_seed_60.json,LBP,11.5,2,0,0.0,Dynamic
308,8.571412025361777,1.690710890317553,0.114170348111501,1.757039709014099,0.0358142170539269,5,circular_seed_5.json,DWA,10.0,0,0,0.0,Dynamic
309,22.61267576665983,0.3500086663346319,0.0488641287393722,1.8585563059939072,0.0027403283950894,5,circular_seed_5.json,C3BF,10.0,0,0,0.0,Dynamic
310,28.94358061955049,1.868984216224268,0.1056275506861822,1.4291962963896303,0.0025535681934067,5,circular_seed_5.json,CBF,10.0,0,0,0.0,Dynamic
311,83.72115368294251,0.2251684983710774,0.1418204383811676,1.3599881938345852,0.0157921201929269,5,circular_seed_5.json,LBP,10.0,0,0,0.0,Dynamic
312,45.29060661835393,1.5616165611943682,0.1737337489371602,1.7856810222288877,0.0399028795889054,6,circular_seed_13.json,DWA,10.0,0,0,0.0,Dynamic
313,16.126797701699083,0.2551049035787105,0.0205887324191242,1.8907199155134828,0.0027429774256035,6,circular_seed_13.json,C3BF,10.0,0,0,0.0,Dynamic
314,16.124631434683142,0.4247352554793613,0.0210945810539796,1.883802208904636,0.0027793384868012,6,circular_seed_13.json,CBF,10.0,0,0,0.0,Dynamic
315,38.42566340584411,0.4488627519550657,0.2088965019673565,1.2715252990296075,0.0161707723673713,6,circular_seed_13.json,LBP,10.0,0,0,0.0,Dynamic
316,15.67270812104166,1.4659201889598616,0.2086221359751026,1.6328396657088702,0.0433502268506236,7,circular_seed_16.json,DWA,10.0,0,0,0.0,Dynamic
317,28.0932577204394,0.4627318339609023,0.0516252713096538,1.812880415379085,0.0027136927630666,7,circular_seed_16.json,C3BF,10.0,0,0,0.0,Dynamic
318,36.033646950435056,2.5264924065086385,0.1324010194815944,1.3284038761330894,0.0024241980384377,7,circular_seed_16.json,CBF,10.0,0,0,0.0,Dynamic
319,39.1352107076661,0.2657069896112526,0.2321214601529095,0.8814443610328399,0.016374160587566,7,circular_seed_16.json,LBP,10.0,0,0,0.0,Dynamic
320,29.78658802567349,1.4398556949540038,0.1500366368997013,1.757107890847842,0.0558173061535461,11,circular_seed_35.json,DWA,10.0,0,0,0.0,Dynamic
321,21.71166128603036,0.3426422919860261,0.0258374325414914,1.8619435034542164,0.0029333059272319,11,circular_seed_35.json,C3BF,10.0,0,0,0.0,Dynamic
322,19.1706190762575,1.8730149546257064,0.0221496273038016,1.7145956794075792,0.0028436580093245,11,circular_seed_35.json,CBF,10.0,0,0,0.0,Dynamic
323,31.159514289818148,0.3312324602976717,0.2419902749265824,1.0142912620750977,0.0199417141518851,11,circular_seed_35.json,LBP,10.0,0,0,0.0,Dynamic
324,34.282017744206414,1.5354283972166087,0.1962232012916931,1.685881299394418,0.0491719076672051,9,circular_seed_22.json,DWA,10.0,0,0,0.0,Dynamic
325,25.45745826506099,0.3785423855119769,0.0452681198123327,1.833560959887328,0.0029038249076097,9,circular_seed_22.json,C3BF,10.0,0,0,0.0,Dynamic
326,26.83522289167152,1.867643103404408,0.0614528237537538,1.6007165610486824,0.002766129272945,9,circular_seed_22.json,CBF,10.0,0,0,0.0,Dynamic
327,20.63457429020532,0.3492275900990027,0.2170384461674784,0.8102872204083366,0.0153987720223413,9,circular_seed_22.json,LBP,10.0,0,0,0.0,Dynamic
328,32.0323198171905,1.4344510701458413,0.2040034136129812,1.596925452730756,0.0460929168174202,9,circular_seed_23.json,DWA,10.0,0,0,0.0,Dynamic
329,33.85243297836033,0.3763324382176543,0.0469704814757626,1.846263875769793,0.0032808212028152,9,circular_seed_23.json,C3BF,10.0,0,0,0.0,Dynamic
330,85.93296716447387,1.466421550857072,0.0199632389297331,0.8247062209691212,0.002748749915346,9,circular_seed_23.json,CBF,10.0,0,0,0.0,Dynamic
331,46.362035460026256,0.4029789480374858,0.2866311380474781,0.8662858291051705,0.0159195234279821,9,circular_seed_23.json,LBP,10.0,0,0,0.0,Dynamic
332,17.066535883386035,1.4066725979360943,0.2725581850653201,1.4520673651020353,0.0452764484940505,7,circular_seed_20.json,DWA,8.0,0,0,0.0,Dynamic
333,41.122595023260615,0.5961583935034079,0.074858056262687,1.7613428132721698,0.0027331952416934,7,circular_seed_20.json,C3BF,8.0,0,0,0.0,Dynamic
334,41.65958635508037,1.451310282973887,0.0847842958458173,1.7004127477707474,0.0026035101206095,7,circular_seed_20.json,CBF,8.0,0,0,0.0,Dynamic
335,58.5259727674107,0.252866444973117,0.2837840591691438,0.8377925873635329,0.014935962074148,7,circular_seed_20.json,LBP,8.0,0,0,0.0,Dynamic
336,103.88053398669692,1.5638834549214653,0.202909864075828,1.779670484183932,0.0394701668710419,6,circular_seed_10.json,DWA,8.0,0,0,0.0,Dynamic
337,25.18633338891698,0.4306311400626159,0.0522820184091948,1.805355828777884,0.0025841118376932,6,circular_seed_10.json,C3BF,8.0,0,0,0.0,Dynamic
338,47.16594582648799,0.9869780209269916,0.0378748338898594,1.1852211468498457,0.0022765604965844,6,circular_seed_10.json,CBF,8.0,0,0,0.0,Dynamic
339,27.327707255152216,0.5615687872961922,0.2335387171472272,1.0596970202224094,0.0166329172273345,6,circular_seed_10.json,LBP,8.0,0,0,0.0,Dynamic
340,25.39528284016049,1.411658463975663,0.1765788953846609,1.6806759844087735,0.0560028773603573,12,circular_seed_52.json,DWA,11.5,0,0,0.0,Dynamic
341,21.292604644288204,0.4087600323224694,0.0373145775276754,1.825065169397716,0.0099764800051145,12,circular_seed_52.json,C3BF,11.5,3,0,0.0,Dynamic
342,21.314873700260208,2.2561845963819995,0.0554867546136724,1.5819928134282952,0.010122132233598,12,circular_seed_52.json,CBF,11.5,0,0,0.0,Dynamic
343,39.39628859941463,0.5243340308965899,0.1834051463596679,1.121166504000376,0.0209080815797875,12,circular_seed_52.json,LBP,11.5,6,0,0.0,Dynamic
344,29.50736123335009,1.6642293566397923,0.1578981841705388,1.7886385882161178,0.0440445928401656,8,circular_seed_43.json,DWA,10.0,0,0,0.0,Dynamic
345,22.21101625611136,0.5113552930531363,0.0321088724187974,1.8434394379995696,0.0083884148886709,8,circular_seed_43.json,C3BF,10.0,0,0,0.0,Dynamic
346,27.398072361814457,1.5931303201311084,0.0520908005549313,1.5203839407014366,0.007593005270905,8,circular_seed_43.json,CBF,10.0,0,0,0.0,Dynamic
347,37.024554239841365,0.3679631860185767,0.177427846581255,1.1269669933416648,0.0174131336025585,8,circular_seed_43.json,LBP,10.0,0,0,0.0,Dynamic
348,29.12953706116209,1.339702727769449,0.2028748583629884,1.629297245311454,0.0605891976523415,14,circular_seed_63.json,DWA,11.5,0,0,0.0,Dynamic
349,27.81148159865554,0.5297421030204769,0.0265197383436633,1.6867038415942677,0.0097433465141001,14,circular_seed_63.json,C3BF,11.5,2,0,0.0,Dynamic
350,23.511090438864507,2.447373138241942,0.0369597596531261,1.6099081195767018,0.010410226048978,14,circular_seed_63.json,CBF,11.5,0,0,0.0,Dynamic
351,28.77678077130448,0.3766991404788286,0.2441991894137599,0.8189725059525906,0.0199785355971068,14,circular_seed_63.json,LBP,11.5,0,0,0.0,Dynamic
352,39.434019579966,1.21751664936422,0.3028162850590483,1.4584714364021918,0.0541161004138483,11,circular_seed_31.json,DWA,10.0,0,0,0.0,Dynamic
353,47.13793788991489,0.522357919438273,0.0398291736145905,1.7746046763801322,0.0089350074615041,11,circular_seed_31.json,C3BF,10.0,0,0,0.0,Dynamic
354,47.00078068890198,1.7875335487146111,0.0537215418617359,1.6891496392050351,0.0096503682883389,11,circular_seed_31.json,CBF,10.0,0,0,0.0,Dynamic
355,52.04766931313398,0.3085592509613989,0.256682422737652,0.919260694044421,0.0212733897402037,11,circular_seed_31.json,LBP,10.0,0,0,0.0,Dynamic
356,56.711285236279984,1.3122421577510914,0.2348085826213966,1.665651222916728,0.0514202387359505,12,circular_seed_49.json,DWA,10.0,0,0,0.0,Dynamic
357,25.76967398358877,0.4063505466402453,0.0257186869014459,1.8300238365629964,0.0096016176725246,12,circular_seed_49.json,C3BF,10.0,1,0,0.0,Dynamic
358,24.95928770064864,1.988047761876975,0.0280658615459193,1.718931176118617,0.0066746784401338,12,circular_seed_49.json,CBF,10.0,0,0,0.0,Dynamic
359,27.40256254845997,0.3368396162833669,0.2799988380201103,0.8463794425695238,0.0169692477701061,12,circular_seed_49.json,LBP,10.0,1,0,0.0,Dynamic
360,41.98685689083851,1.2993935044753442,0.2260215521573454,1.6317085456280305,0.0461496851284509,11,circular_seed_33.json,DWA,10.0,0,0,0.0,Dynamic
361,5.976194706574867,0.2738705919273931,0.0455905518178055,0.976872313091101,0.0101203606220273,11,circular_seed_33.json,C3BF,10.0,21,0,0.0,Dynamic
362,46.51554503475534,0.9255618350689068,0.0452935117257117,0.761124279002697,0.0090628518057721,11,circular_seed_33.json,CBF,10.0,0,0,0.0,Dynamic
363,21.5219026930569,0.6107001364886453,0.2197334371384604,1.1656387542598772,0.0208784791556271,11,circular_seed_33.json,LBP,10.0,2,0,0.0,Dynamic
364,25.372343109468503,1.3927816748106865,0.2108992267753611,1.6346058497487792,0.0620046268482352,14,circular_seed_61.json,DWA,11.5,0,0,0.0,Dynamic
365,37.96363669425676,0.8539478289304171,0.0632427691117133,1.4238578352824371,0.0096408442952023,14,circular_seed_61.json,C3BF,11.5,5,0,0.0,Dynamic
366,49.21318175670141,2.45675639418846,0.0715235472599478,1.084937151175894,0.0103746223736095,14,circular_seed_61.json,CBF,11.5,0,0,0.0,Dynamic
367,35.425000025815805,0.3409101311027394,0.3123203163999209,0.8475273729818638,0.0203492063827455,14,circular_seed_61.json,LBP,11.5,0,0,0.0,Dynamic
368,38.637018285852406,1.440033890735286,0.193036563528136,1.6618246123095974,0.0479240173934608,10,circular_seed_44.json,DWA,10.0,0,0,0.0,Dynamic
369,13.776540616239515,0.4299872708054387,0.0622168487998203,1.837153239773284,0.0028078381608172,10,circular_seed_44.json,C3BF,10.0,0,1,0.0,Dynamic
370,33.78829386376067,1.7714470542395149,0.0564167552310959,1.194625807399364,0.0041922000675963,10,circular_seed_44.json,CBF,10.0,0,0,0.0,Dynamic
371,17.717240097917372,0.3386382143120791,0.2425987066537706,0.954655346115616,0.0159791143383824,10,circular_seed_44.json,LBP,10.0,0,0,0.0,Dynamic
372,60.167259174625855,1.3280471746046258,0.1987997319946707,1.65249265946331,0.0513966117505506,12,circular_seed_48.json,DWA,10.0,0,0,0.0,Dynamic
373,36.659387305228606,0.4484769317270669,0.054146007784068,1.7905757891059089,0.0030738216943463,12,circular_seed_48.json,C3BF,10.0,1,0,0.0,Dynamic
374,42.6191655455118,2.799534816144842,0.069730554438055,1.4864166584927698,0.0030639831225077,12,circular_seed_48.json,CBF,10.0,0,0,0.0,Dynamic
375,33.63991292675228,0.2723629228573401,0.1950501834444093,0.8847399933625167,0.0163188365074252,12,circular_seed_48.json,LBP,10.0,1,0,0.0,Dynamic
376,11.773800070823588,1.4873522910131172,0.1970211644011899,1.608436611724052,0.04356407050659,7,circular_seed_15.json,DWA,10.0,0,0,0.0,Dynamic
377,33.97136149872821,0.4898209794586307,0.0615942032969982,1.8050648657882085,0.002562163687633,7,circular_seed_15.json,C3BF,10.0,0,0,0.0,Dynamic
378,35.3027521692282,1.295476822222925,0.0763209183389648,1.6525625253755325,0.0026175750876372,7,circular_seed_15.json,CBF,10.0,0,0,0.0,Dynamic
379,78.7990611812403,0.1447453618003267,0.2284616589463855,0.9433585160978152,0.0149499752172609,7,circular_seed_15.json,LBP,10.0,0,0,0.0,Dynamic
380,37.52219852050016,1.6782781707426384,0.1633671259695311,1.7536980428035427,0.0323372633770258,5,circular_seed_3.json,DWA,10.0,0,0,0.0,Dynamic
381,19.467146466449883,0.3004645514276423,0.0274606469534689,1.8727374520097613,0.002687721100663,5,circular_seed_3.json,C3BF,10.0,0,0,0.0,Dynamic
382,19.468933205809986,0.3003125449594873,0.0240762096664209,1.87276739119904,0.0025689020080971,5,circular_seed_3.json,CBF,10.0,0,0,0.0,Dynamic
383,65.95441507726099,0.2300404123370938,0.1680713665880882,1.2389491834193334,0.0147383613897536,5,circular_seed_3.json,LBP,10.0,0,0,0.0,Dynamic
384,28.813540885609846,1.2866566269382698,0.2412455035693836,1.5852112211555027,0.0554764087872953,14,circular_seed_62.json,DWA,11.5,0,0,0.0,Dynamic
385,45.89408875323439,0.9853989607692378,0.0387085917928507,1.3191517619048876,0.0092827161961013,14,circular_seed_62.json,C3BF,11.5,4,0,0.0,Dynamic
386,215.72830780236043,2.433691749295247,0.0629402784982632,1.3356734083742143,0.0099694072734372,14,circular_seed_62.json,CBF,11.5,0,0,0.0,Dynamic
387,24.924521069039805,0.2597527002410239,0.2717993220449755,0.8123148279449726,0.0189243294325277,14,circular_seed_62.json,LBP,11.5,0,0,0.0,Dynamic
388,22.17464408876026,1.4501927339644607,0.1942232860703767,1.656981031718481,0.0523593145080759,10,circular_seed_27.json,DWA,10.0,0,0,0.0,Dynamic
389,33.619321039584534,0.6702837111275748,0.0444208599046705,1.6089228974418508,0.0091629258497963,10,circular_seed_27.json,C3BF,10.0,3,0,0.0,Dynamic
390,37.05704849690791,2.4894236540427874,0.0978375626418305,1.4409637861480429,0.0097717260492259,10,circular_seed_27.json,CBF,10.0,0,0,0.0,Dynamic
391,30.74461330327401,0.2616730967202459,0.2338200613235294,1.0047648950218573,0.0206699798768608,10,circular_seed_27.json,LBP,10.0,0,0,0.0,Dynamic
392,21.56405206972482,1.1200832724086849,0.2505029216577077,1.4787119752048128,0.0575972302206631,11,circular_seed_37.json,DWA,10.0,0,0,0.0,Dynamic
393,55.58668844392726,0.5678934933346678,0.0431139910894272,1.7771049331324276,0.0029120158985589,11,circular_seed_37.json,C3BF,10.0,0,0,0.0,Dynamic
394,60.946409716783336,1.4015276837254946,0.0496758479393223,1.7137795462741876,0.0028334007850535,11,circular_seed_37.json,CBF,10.0,0,0,0.0,Dynamic
395,57.61187884495193,0.2841723297377748,0.3382321669143759,0.7966418902418994,0.0174270259427545,11,circular_seed_37.json,LBP,10.0,0,0,0.0,Dynamic
396,35.012126857367775,1.3973282866633938,0.2335194903703706,1.5661923357662382,0.0508958536035874,10,circular_seed_29.json,DWA,10.0,0,0,0.0,Dynamic
397,37.23585514399757,0.4252320548007374,0.0370746051344924,1.825915560058252,0.0091111615987924,10,circular_seed_29.json,C3BF,10.0,0,0,0.0,Dynamic
398,39.63676341947858,1.6946370578270276,0.0511989247637574,1.7184156826266936,0.0096473797059162,10,circular_seed_29.json,CBF,10.0,0,0,0.0,Dynamic
399,48.91565742255205,0.3668186131888896,0.2997291813581733,0.9050540147865168,0.0175785449149497,10,circular_seed_29.json,LBP,10.0,0,0,0.0,Dynamic
400,8.094757513153716,1.560294784580499,0.1869284752292425,1.6172629436374943,0.0406401596571269,5,circular_seed_9.json,DWA,8.0,0,0,0.0,Dynamic
401,31.661815669442348,0.4172503677904865,0.0604800037870399,1.8217008558183847,0.0025611342216024,5,circular_seed_9.json,C3BF,8.0,0,0,0.0,Dynamic
402,31.661819697491204,0.4172502041995014,0.0604788872040606,1.821700910351484,0.0025371794797936,5,circular_seed_9.json,CBF,8.0,0,0,0.0,Dynamic
403,78.36402284692238,0.1092841595757554,0.1728818585954058,0.92568046706714,0.0149777380816907,5,circular_seed_9.json,LBP,8.0,0,0,0.0,Dynamic
404,31.18626757644185,1.3837041549490878,0.2245824272019036,1.5524194976628578,0.0413332230454191,7,circular_seed_19.json,DWA,8.0,0,0,0.0,Dynamic
405,31.987725699572007,0.511784541180408,0.0648041005943009,1.7892944905161314,0.0025181304990199,7,circular_seed_19.json,C3BF,8.0,0,0,0.0,Dynamic
406,70.2389340752131,1.44054557748488,0.0498064272949535,0.95098865020772,0.0024096308128816,7,circular_seed_19.json,CBF,8.0,0,0,0.0,Dynamic
407,80.97355981922021,0.3646574419570966,0.2307216801667657,0.8049346904941984,0.0129074941362653,7,circular_seed_19.json,LBP,8.0,0,0,0.0,Dynamic
408,51.73495729295126,1.4332079738345689,0.2001628378669687,1.6914794417942047,0.0465440356353828,9,circular_seed_24.json,DWA,10.0,0,0,0.0,Dynamic
409,24.7508167386054,0.565008936243544,0.0581822380807546,1.8201420296511988,0.0093400569413979,9,circular_seed_24.json,C3BF,10.0,5,0,0.0,Dynamic
410,48.33218163636593,1.2694085044003085,0.0169019173585887,0.954089284843203,0.0042578058580725,9,circular_seed_24.json,CBF,10.0,0,0,0.0,Dynamic
411,28.80035526404541,0.3328789131609883,0.2952930485932711,0.8957590596072895,0.0154801254327586,9,circular_seed_24.json,LBP,10.0,0,0,0.0,Dynamic
412,20.36361198812289,1.459719058538661,0.2470026093109328,1.569958721214403,0.0497680253370454,9,circular_seed_26.json,DWA,10.0,0,0,0.0,Dynamic
413,46.41126672410607,0.4800901384890344,0.044082196918968,1.80250410279202,0.0027010450537967,9,circular_seed_26.json,C3BF,10.0,0,0,0.0,Dynamic
414,90.52866224533524,0.9548267150287492,0.0158307761279637,1.3380664936801745,0.0028788472229139,9,circular_seed_26.json,CBF,10.0,0,0,0.0,Dynamic
415,62.83045689658056,0.1940815264928875,0.2675960415974716,0.8877694470540656,0.0191466302191123,9,circular_seed_26.json,LBP,10.0,0,0,0.0,Dynamic
416,84.87060286121927,1.3890043975037103,0.283216610741383,1.5041660067049694,0.0418795164595259,7,circular_seed_18.json,DWA,8.0,0,0,0.0,Dynamic
417,41.75485865649638,0.537771141317006,0.0613719656533044,1.781558828771555,0.0024992730244096,7,circular_seed_18.json,C3BF,8.0,0,0,0.0,Dynamic
418,42.22727947973287,1.2993982207772523,0.0657111643696568,1.724038743478969,0.0024834898854955,7,circular_seed_18.json,CBF,8.0,0,0,0.0,Dynamic
419,53.35443768377842,0.1943668001272415,0.2783197360202802,1.041396405128973,0.0175332211586366,7,circular_seed_18.json,LBP,8.0,0,0,0.0,Dynamic
420,26.77924327174622,1.2343519237805032,0.2130951746497496,1.5770416753296688,0.0510469565212523,11,circular_seed_34.json,DWA,10.0,0,0,0.0,Dynamic
421,40.1733950672624,0.4598473202423901,0.0354548420718552,1.7752573899320003,0.0088790424456459,11,circular_seed_34.json,C3BF,10.0,3,0,0.0,Dynamic
422,59.41919379524888,2.3764268488505693,0.1382188194849459,1.2698942545861704,0.0087005378430824,11,circular_seed_34.json,CBF,10.0,0,0,0.0,Dynamic
423,43.39145680886468,0.3155739269001776,0.2575848233274201,0.8990267224669375,0.0185497066734546,11,circular_seed_34.json,LBP,10.0,0,0,0.0,Dynamic
424,9.338506849750704,1.5897121529325429,0.149127620488624,1.6917972118412348,0.0364968842023039,5,circular_seed_7.json,DWA,8.0,0,0,0.0,Dynamic
425,25.45165795961544,0.3717199074602949,0.0609528655884151,1.8425065023718448,0.0024816352542084,5,circular_seed_7.json,C3BF,8.0,0,0,0.0,Dynamic
426,25.536727437872923,0.5375274623492036,0.0620146624721969,1.83197949149531,0.0025623173010153,5,circular_seed_7.json,CBF,8.0,0,0,0.0,Dynamic
427,53.32661731746505,0.2521736329612712,0.2167255495262102,1.0139650959513535,0.0126169449262287,5,circular_seed_7.json,LBP,8.0,0,0,0.0,Dynamic
428,38.50779871316258,1.3610522650337913,0.2945718666749845,1.5048465504694128,0.0535443959189199,11,circular_seed_46.json,DWA,10.0,0,0,0.0,Dynamic
429,58.80635684290024,0.7397032960409902,0.0696423386009449,1.7587224338031198,0.0093925730791683,11,circular_seed_46.json,C3BF,10.0,0,0,0.0,Dynamic
430,59.05664528211094,2.7882725838507216,0.0813408114862934,1.5104003737559395,0.0097585932413736,11,circular_seed_46.json,CBF,10.0,0,0,0.0,Dynamic
431,52.77080685109391,0.3255876063225029,0.3516382309528006,0.7123130247858117,0.0182236306009349,11,circular_seed_46.json,LBP,10.0,0,0,0.0,Dynamic
432,66.38808837350682,1.358607011237485,0.2081725547685557,1.5932904715353755,0.0550791494035363,12,circular_seed_51.json,DWA,11.0,0,0,0.0,Dynamic
433,27.782348418409512,0.510970153910072,0.0329508782391125,1.694017499828828,0.0052030729312522,12,circular_seed_51.json,C3BF,11.0,6,0,0.0,Dynamic
434,33.419776035254465,1.52025006861763,0.0397350679302139,1.0565954155401462,0.0040035250521304,12,circular_seed_51.json,CBF,11.0,0,0,0.0,Dynamic
435,34.246685213466925,0.4005767557709396,0.2213284623581718,0.8511120099875839,0.0189431343566287,12,circular_seed_51.json,LBP,11.0,1,0,0.0,Dynamic
436,33.90448312040766,1.705648799139218,0.1468196882073016,1.8316418425683896,0.037578576271184,6,circular_seed_12.json,DWA,10.0,0,0,0.0,Dynamic
437,16.13822670854233,0.3347492926854183,0.0475922254070857,1.7398681776123663,0.0025130873484327,6,circular_seed_12.json,C3BF,10.0,3,0,0.0,Dynamic
438,21.661759435093128,1.200364981338725,0.0433318165423044,1.5140227138733051,0.0024791566987052,6,circular_seed_12.json,CBF,10.0,0,0,0.0,Dynamic
439,45.24130517483123,0.3359828909337962,0.2132457033955686,1.0425533275195094,0.0130457767093454,6,circular_seed_12.json,LBP,10.0,0,0,0.0,Dynamic
440,8.159810945119235,1.6236127431779608,0.1486351735961316,1.6648684290581102,0.037762204922539,5,circular_seed_8.json,DWA,8.0,0,0,0.0,Dynamic
441,26.04900412287218,0.4215134891868937,0.0719882120541825,1.8293076520921017,0.00253534248897,5,circular_seed_8.json,C3BF,8.0,0,0,0.0,Dynamic
442,24.642966656723686,1.367146031627411,0.0892864204790166,1.720362546593489,0.002464672088623,5,circular_seed_8.json,CBF,8.0,0,0,0.0,Dynamic
443,35.99074538937241,0.30473430734537,0.1422294400520931,0.9879458314119718,0.0140087812597101,5,circular_seed_8.json,LBP,8.0,0,0,0.0,Dynamic
444,19.89769376119965,1.4577993434801049,0.1775916675298562,1.6710737148505657,0.0559695839454623,13,circular_seed_54.json,DWA,11.5,0,0,0.0,Dynamic
445,34.520976877340296,0.5110602163588135,0.0351013328485636,1.7882659609613931,0.0030070922136973,13,circular_seed_54.json,C3BF,11.5,1,0,0.0,Dynamic
446,45.820595973801055,2.4774034526550173,0.0474089388463047,1.4397627802486723,0.0032491999121189,13,circular_seed_54.json,CBF,11.5,0,0,0.0,Dynamic
447,31.49048706938329,0.223343973885441,0.2774238941269193,0.9432620796272952,0.0200883982132892,13,circular_seed_54.json,LBP,11.5,0,0,0.0,Dynamic
448,27.36005403945693,1.3961590140669358,0.2052082881206231,1.6483266504915088,0.0564403877768903,12,circular_seed_53.json,DWA,11.5,0,0,0.0,Dynamic
449,27.581636525039045,0.4172151481343678,0.0442929921692246,1.8440848676580648,0.0097595428983451,12,circular_seed_53.json,C3BF,11.5,0,0,0.0,Dynamic
450,27.8384948503376,2.455599783057865,0.0534452822789315,1.5826397413497373,0.0103898903686706,12,circular_seed_53.json,CBF,11.5,0,0,0.0,Dynamic
451,43.5503585940174,0.2634189652071783,0.2664411875979546,0.956519825229103,0.0198752815540693,12,circular_seed_53.json,LBP,11.5,0,0,0.0,Dynamic
452,30.8156348484931,1.7695477900407846,0.1207580273182504,1.8741004758906907,0.0318315942172179,5,circular_seed_0.json,DWA,14.142135623730953,0,0,0.0,Dynamic
453,48.62129026613481,0.1847905359917273,0.0069811142427738,0.7307868224928037,0.0024696867299823,5,circular_seed_0.json,C3BF,14.142135623730953,0,0,0.0,Dynamic
454,28.03073547472041,1.791019157353071,0.0964763202868649,1.177619564283447,0.0028577824447928,5,circular_seed_0.json,CBF,14.142135623730953,0,0,0.0,Dynamic
455,38.98530457729913,0.2522334490995455,0.2840154102794014,0.9990366968889898,0.0106308138722856,5,circular_seed_0.json,LBP,14.142135623730953,0,0,0.0,Dynamic
456,32.60686891351703,1.7029009012171747,0.1317720702968492,1.8310148658993743,0.0339938656372182,5,circular_seed_4.json,DWA,10.0,0,0,0.0,Dynamic
457,16.39221559667366,0.2828319813926602,0.0398077849079268,1.8687051387197264,0.002544000551298,5,circular_seed_4.json,C3BF,10.0,0,0,0.0,Dynamic
458,22.07464202314645,1.805050068907884,0.0812646700158459,1.333115901595446,0.0024462186017082,5,circular_seed_4.json,CBF,10.0,0,0,0.0,Dynamic
459,19.90918141356473,0.2836759032483017,0.2457448054914565,1.1256455519835291,0.0118612285218228,5,circular_seed_4.json,LBP,10.0,0,0,0.0,Dynamic
460,10.731921551458631,1.619778200819134,0.16542420076481,1.6771585247447844,0.0460855601781822,8,circular_seed_40.json,DWA,10.0,0,0,0.0,Dynamic
461,30.886588492350832,0.4025501916338514,0.0386712625117729,1.8339521986826977,0.008773692359134,8,circular_seed_40.json,C3BF,10.0,0,0,0.0,Dynamic
462,32.7431801780082,1.663604039232737,0.0521409771007296,1.5767410720157191,0.0090711041816375,8,circular_seed_40.json,CBF,10.0,0,0,0.0,Dynamic
463,49.56674497749947,0.2242381733873007,0.2526920616959559,1.1058843846860742,0.0161353461250688,8,circular_seed_40.json,LBP,10.0,0,0,0.0,Dynamic
464,13.21118856058549,1.4396232918113414,0.2111407225183655,1.5589061210072528,0.0440444265704608,8,circular_seed_39.json,DWA,10.0,0,0,0.0,Dynamic
465,32.47805653211631,0.4892326639255326,0.0614229377713695,1.7893398054398302,0.0027964615690115,8,circular_seed_39.json,C3BF,10.0,0,0,0.0,Dynamic
466,44.220111134629626,3.321053439079539,0.1240157477783262,1.030360688393791,0.002629130025721,8,circular_seed_39.json,CBF,10.0,0,0,0.0,Dynamic
467,54.25315262540301,0.2723659415167089,0.2569586375808362,1.1054840935678036,0.0179740817133708,8,circular_seed_39.json,LBP,10.0,0,0,0.0,Dynamic
468,11.743787576854622,1.4831060770513425,0.1993169266086557,1.6432610952387474,0.0467858494588615,9,circular_seed_25.json,DWA,10.0,0,0,0.0,Dynamic
469,26.585605051972426,0.4098984158432818,0.0429991352865527,1.841853872541083,0.0028426964331494,9,circular_seed_25.json,C3BF,10.0,0,0,0.0,Dynamic
470,60.92163879393089,0.6139738423736933,0.0152686572384567,0.9811314059787832,0.005097072920725,9,circular_seed_25.json,CBF,10.0,0,0,0.0,Dynamic
471,51.75348976236606,0.442043111458371,0.2550051839084677,0.911142107883218,0.0156201303678294,9,circular_seed_25.json,LBP,10.0,2,0,0.0,Dynamic
472,11.319573612181106,1.5892734809295717,0.162696807758936,1.707841032188496,0.0456577905729496,8,circular_seed_38.json,DWA,10.0,0,0,0.0,Dynamic
473,27.256577061853577,0.3916474110078562,0.0375154565616559,1.8427304962968016,0.002864765046953,8,circular_seed_38.json,C3BF,10.0,0,0,0.0,Dynamic
474,27.275759369716607,1.2311627107641452,0.0475454782517811,1.7750802405260937,0.0055576964384979,8,circular_seed_38.json,CBF,10.0,0,0,0.0,Dynamic
475,47.65861593905838,0.2696152162781954,0.2062682665571802,0.9952396471907292,0.0161283743352258,8,circular_seed_38.json,LBP,10.0,0,0,0.0,Dynamic
476,24.97497669042073,1.2958647551252058,0.2154351736006855,1.6242412238779718,0.0551186939999726,12,circular_seed_50.json,DWA,11.0,0,0,0.0,Dynamic
477,28.514588862045454,0.4338283800087042,0.0343853627417121,1.817760165113513,0.0097176617085629,12,circular_seed_50.json,C3BF,11.0,4,0,0.0,Dynamic
478,26.90244175299144,1.8896682910030884,0.0394663993402124,1.7169278105314103,0.0101259850353174,12,circular_seed_50.json,CBF,11.0,0,0,0.0,Dynamic
479,32.833333685098495,0.2356190804253954,0.247877593567262,0.8335785297821617,0.0160989780288961,12,circular_seed_50.json,LBP,11.0,0,0,0.0,Dynamic
480,52.82338748829589,1.5439004689616913,0.2394481626070557,1.7091441018150937,0.0405132674851943,7,circular_seed_17.json,DWA,10.0,0,0,0.0,Dynamic
481,28.292829062986915,0.4057386831683399,0.0478632426501912,1.8294460079204105,0.0025894509421454,7,circular_seed_17.json,C3BF,10.0,0,0,0.0,Dynamic
482,29.151814835342098,1.2519489008920994,0.0648530272946518,1.7217571404243217,0.0025678411216813,7,circular_seed_17.json,CBF,10.0,0,0,0.0,Dynamic
483,85.78039570719146,0.1848197482225517,0.2292724070294498,0.8328674235396859,0.0149255068832602,7,circular_seed_17.json,LBP,10.0,0,0,0.0,Dynamic
484,24.27833898460086,1.2909602881004263,0.2056841254150631,1.5688078989943952,0.0502894090389454,11,circular_seed_32.json,DWA,10.0,0,0,0.0,Dynamic
485,32.85429395657505,0.412131127709199,0.0332861482973348,1.8293462928442472,0.0029266886462834,11,circular_seed_32.json,C3BF,10.0,0,0,0.0,Dynamic
486,33.01001522641697,1.1842849434715932,0.0475340641234409,1.7731014238434504,0.0030475669920522,11,circular_seed_32.json,CBF,10.0,0,0,0.0,Dynamic
487,34.709275995314464,0.3632435432981038,0.2060507020405584,1.1490760164407543,0.0224178979360896,11,circular_seed_32.json,LBP,10.0,0,0,0.0,Dynamic
488,17.507250474651045,1.703948699329919,0.1128043114279898,1.7956278797233745,0.0382882789091963,6,circular_seed_14.json,DWA,10.0,0,0,0.0,Dynamic
489,20.281849691396783,0.3926524033239462,0.064650988419253,1.7856570636581992,0.0024604606628417,6,circular_seed_14.json,C3BF,10.0,0,0,0.0,Dynamic
490,20.959227846290684,1.6060968385952237,0.0923929263913085,1.6660724266580296,0.0024579901357594,6,circular_seed_14.json,CBF,10.0,0,0,0.0,Dynamic
491,29.341760793275167,0.225440258647064,0.2344966259311201,0.7910878115849025,0.0116714535030067,6,circular_seed_14.json,LBP,10.0,0,0,0.0,Dynamic
492,48.56955733093459,1.2420822283642108,0.2520966583228582,1.5703214014682934,0.0521848026681061,11,circular_seed_36.json,DWA,10.0,0,0,0.0,Dynamic
493,37.49970635321899,0.4577547197363873,0.044826499680076,1.8128711736909149,0.0029454397172043,11,circular_seed_36.json,C3BF,10.0,0,0,0.0,Dynamic
494,39.10233759389632,1.6538455595289248,0.0670684913679243,1.6565403562316978,0.002813299945461,11,circular_seed_36.json,CBF,10.0,0,0,0.0,Dynamic
495,21.57618282550017,0.4778031203287198,0.1993756053455722,1.1796046960416966,0.0180760130913355,11,circular_seed_36.json,LBP,10.0,1,0,0.0,Dynamic
496,23.626579366579342,1.3552640284533362,0.2278339392585383,1.6521123376211204,0.0514663596898687,10,circular_seed_45.json,DWA,10.0,0,0,0.0,Dynamic
497,29.370397332346585,0.4344741846834759,0.049622689828041,1.8100792842599096,0.0089270571867624,10,circular_seed_45.json,C3BF,10.0,3,0,0.0,Dynamic
498,63.00649575966547,1.4694659277900957,0.0351675070138904,1.2753675012732182,0.0092653762868669,10,circular_seed_45.json,CBF,10.0,0,0,0.0,Dynamic
499,49.672036966855295,0.3493492947445832,0.1687549574397714,1.2016839850424872,0.0203922237722103,10,circular_seed_45.json,LBP,10.0,0,0,0.0,Dynamic
500,41.40514501814504,1.403010774225418,0.2280673688271848,1.6171602137593075,0.0547012862637065,13,circular_seed_55.json,DWA,11.5,0,0,0.0,Dynamic
501,30.119400953222915,0.4236368518297516,0.0366362836451187,1.8286498848900168,0.0030130321165973,13,circular_seed_55.json,C3BF,11.5,0,0,0.0,Dynamic
502,57.94575904241357,1.7657302717193792,0.0148768168207141,1.2948908917968036,0.0045359986883039,13,circular_seed_55.json,CBF,11.5,0,0,0.0,Dynamic
503,51.75569478887412,0.2387360807536027,0.295034466715955,0.890031840543711,0.0200295815021574,13,circular_seed_55.json,LBP,11.5,0,0,0.0,Dynamic
504,82.95592216508648,1.3669492927863127,0.246718552578792,1.7218442225406163,0.058259556402772,14,circular_seed_57.json,DWA,11.5,0,0,0.0,Dynamic
505,17.047568357063362,0.5935479262780452,0.0536143150427335,1.2674514058270947,0.0095701059018225,14,circular_seed_57.json,C3BF,11.5,39,0,0.0,Dynamic
506,37.49715547840882,2.6355305820025863,0.0615700303187788,0.961913141949724,0.0085402666239779,14,circular_seed_57.json,CBF,11.5,0,0,0.0,Dynamic
507,9.230908758245317,0.5184819963197305,0.2563700446223668,0.8483807963783753,0.0153428093682435,14,circular_seed_57.json,LBP,11.5,4,1,0.0,Dynamic
508,26.02653064497438,1.4227906318410426,0.1466782010532227,1.7459325352553414,0.050075385181827,10,circular_seed_42.json,DWA,10.0,0,0,0.0,Dynamic
509,22.524516133848145,0.540104088557128,0.0599364114075214,1.799034754096057,0.0028578312166275,10,circular_seed_42.json,C3BF,10.0,1,0,0.0,Dynamic
510,30.323860659917045,3.473353788016227,0.1056715061543469,1.2021927547680389,0.0027624827605468,10,circular_seed_42.json,CBF,10.0,0,0,0.0,Dynamic
511,25.60545565675278,0.2941658361858986,0.223589969321249,0.9098357647917584,0.016476887621768,10,circular_seed_42.json,LBP,10.0,0,0,0.0,Dynamic
512,7.803439754412631,0.1623345782716208,0.3355250106180759,1.8968133690392897,0.0160442528762216,5,circular_seed_2.json,MPC-Discrete,14.142135623730953,0,0,0.0,Kinematic
513,18.96114186075587,0.3701042281001381,0.346249581476512,1.8424461231475864,0.0272171894381681,14,circular_seed_58.json,MPC-Discrete,11.5,0,0,0.0,Kinematic
514,5.632017756862616,0.548366272203387,0.3160108915191479,1.8478179184693064,0.0171420524369424,8,circular_seed_41.json,MPC-Discrete,10.0,0,0,0.0,Kinematic
515,6.604103849966435,0.4405007252957241,0.3404561553882455,1.8861512364584083,0.0209037382642333,14,circular_seed_59.json,MPC-Discrete,11.5,0,0,0.0,Kinematic
516,18.34905992948362,0.1895427780121381,0.3369530780821816,1.8104845661851627,0.0207965668624009,6,circular_seed_11.json,MPC-Discrete,10.0,0,0,0.0,Kinematic
517,11.101658147689598,0.2193902779411155,0.3260739142455582,1.7906144287871637,0.0301829559143764,11,circular_seed_47.json,MPC-Discrete,10.0,0,0,0.0,Kinematic
518,1.9044780749552448,0.2424196335067467,0.3158585943585431,1.9335317774533185,0.0113498589671249,5,circular_seed_1.json,MPC-Discrete,14.142135623730953,0,0,0.0,Kinematic
519,25.521515312973406,0.394300724229667,0.3359751887190474,1.8207440286902,0.0254732484317634,11,circular_seed_30.json,MPC-Discrete,10.0,0,0,0.0,Kinematic
520,9.936738578125413,0.2728808808052511,0.3265663904999777,1.8872138747728096,0.0166559451818466,5,circular_seed_6.json,MPC-Discrete,10.0,0,0,0.0,Kinematic
521,4.330605124171655,0.546056656238688,0.3070473411431994,1.8442381265058343,0.0188451281076745,7,circular_seed_21.json,MPC-Discrete,8.0,0,0,0.0,Kinematic
522,16.091285638415368,0.2706202324050161,0.3119164317871361,1.8696496224410573,0.0259923486386315,13,circular_seed_56.json,MPC-Discrete,11.5,0,0,0.0,Kinematic
523,9.55520504427816,0.2582148993677905,0.3368297732312744,1.854501880032536,0.0255896002982057,10,circular_seed_28.json,MPC-Discrete,10.0,0,0,0.0,Kinematic
524,25.7759369408192,0.4898496225441301,0.318612742541915,1.639108951133305,0.0268725102313895,14,circular_seed_60.json,MPC-Discrete,11.5,5,0,0.0,Kinematic
525,2.5621924279418096,0.358911332692078,0.3073929617514597,1.908080406186432,0.0129821829392876,5,circular_seed_5.json,MPC-Discrete,10.0,0,0,0.0,Kinematic
526,2.7466439475290336,0.2545774688181078,0.3261268216802411,1.813851677954536,0.0216125857250382,6,circular_seed_13.json,MPC-Discrete,10.0,0,0,0.0,Kinematic
527,3.5029323942287163,0.4169212003557551,0.3105749776970827,1.8623081981303145,0.0181836869577111,7,circular_seed_16.json,MPC-Discrete,10.0,0,0,0.0,Kinematic
528,15.44822530767271,0.48626751348561,0.284268557683657,1.5905580564096429,0.0251539270756608,11,circular_seed_35.json,MPC-Discrete,10.0,5,1,0.0,Kinematic
529,6.339957339772645,0.3443135995317761,0.3194721552248565,1.7962890730110057,0.0256592713811862,9,circular_seed_22.json,MPC-Discrete,10.0,0,0,0.0,Kinematic
530,7.667480648622168,0.3895347996794943,0.3152630156774398,1.831927225525097,0.0230733951574766,9,circular_seed_23.json,MPC-Discrete,10.0,0,0,0.0,Kinematic
531,2.913674200296947,0.6386566966798533,0.3165741833483677,1.818681243945348,0.0166346201529869,7,circular_seed_20.json,MPC-Discrete,8.0,0,0,0.0,Kinematic
532,5.556813747341352,0.379642639336871,0.3065266734963831,1.82743950017622,0.0203940779056604,6,circular_seed_10.json,MPC-Discrete,8.0,0,0,0.0,Kinematic
533,5.550902646436008,0.2775329984477732,0.3177718930364873,1.8284291899628256,0.0280732731709535,12,circular_seed_52.json,MPC-Discrete,11.5,0,0,0.0,Kinematic
534,34.3928127440946,0.2558072060496289,0.3196687458222965,1.772093469362067,0.0217402735623446,8,circular_seed_43.json,MPC-Discrete,10.0,0,0,0.0,Kinematic
535,12.828747411185654,0.3134084183759263,0.3320013419596078,1.8774561588523608,0.0255093606906754,14,circular_seed_63.json,MPC-Discrete,11.5,0,0,0.0,Kinematic
536,7.369125999181617,0.5812382368381364,0.3367141653384395,1.7945197937915929,0.0273199904973848,11,circular_seed_31.json,MPC-Discrete,10.0,0,0,0.0,Kinematic
537,15.130031393395273,0.3455242416719926,0.328053452959673,1.8295573179728408,0.0272153344901718,12,circular_seed_49.json,MPC-Discrete,10.0,0,0,0.0,Kinematic
538,12.836359841593763,0.4645988838598128,0.3341343846457656,1.8247401661380984,0.026736873278924,11,circular_seed_33.json,MPC-Discrete,10.0,2,0,0.0,Kinematic
539,20.194570903836567,0.387145568066447,0.3555202729468879,1.850883075111989,0.0256694992311204,14,circular_seed_61.json,MPC-Discrete,11.5,1,0,0.0,Kinematic
540,14.309041643165743,0.2985043128334266,0.3216082281632264,1.864450301971612,0.0245625757568579,10,circular_seed_44.json,MPC-Discrete,10.0,0,0,0.0,Kinematic
541,9.502486283216506,0.3794424236123977,0.34660739199105,1.7979291929200545,0.028396912008026,12,circular_seed_48.json,MPC-Discrete,10.0,0,0,0.0,Kinematic
542,3.321470943067206,0.5191916227081057,0.3017226808369955,1.8818840022821228,0.0144917545647456,7,circular_seed_15.json,MPC-Discrete,10.0,0,0,0.0,Kinematic
543,2.971335785357927,0.3211816014397138,0.3012362658816173,1.895712215861996,0.0152503811731571,5,circular_seed_3.json,MPC-Discrete,10.0,0,0,0.0,Kinematic
544,20.33892792471664,0.5380686997395847,0.3265308895044573,1.667467078236594,0.028073666459423,14,circular_seed_62.json,MPC-Discrete,11.5,5,0,0.0,Kinematic
545,5.138978502933098,0.429050260178051,0.3231814818114781,1.8306916793564896,0.0288821278310348,10,circular_seed_27.json,MPC-Discrete,10.0,0,0,0.0,Kinematic
546,6.334708231602784,0.6669448134974209,0.3414677983659558,1.800996783440184,0.0280189587039197,11,circular_seed_37.json,MPC-Discrete,10.0,0,0,0.0,Kinematic
547,7.325162463264759,0.4894987076545617,0.334097187484197,1.8357474774716191,0.0268197097880317,10,circular_seed_29.json,MPC-Discrete,10.0,0,0,0.0,Kinematic
548,3.699541521131752,0.51551972291251,0.2951355185155656,1.8968964239898007,0.0125648534816244,5,circular_seed_9.json,MPC-Discrete,8.0,0,0,0.0,Kinematic
549,20.44826755224092,0.4024276478320494,0.3204031476151651,1.8117812770418464,0.0228390811007028,7,circular_seed_19.json,MPC-Discrete,8.0,0,0,0.0,Kinematic
550,6.257382901349007,0.2945087993715469,0.3571973724054972,1.762963962623778,0.0295754871338465,9,circular_seed_24.json,MPC-Discrete,10.0,0,0,0.0,Kinematic
551,5.276554673306837,0.5869792100523248,0.3170284820162437,1.8246793741567988,0.0218105005721251,9,circular_seed_26.json,MPC-Discrete,10.0,0,0,0.0,Kinematic
552,3.0673113103415,0.6313939920172863,0.3116873567684255,1.8313301465012195,0.0185197529543834,7,circular_seed_18.json,MPC-Discrete,8.0,0,0,0.0,Kinematic
553,13.020824078432767,0.5214011852409763,0.3375162128161675,1.838411879890277,0.0241087907536116,11,circular_seed_34.json,MPC-Discrete,10.0,1,0,0.0,Kinematic
554,2.9568915269905194,0.4178485967754217,0.3056728713382708,1.8722753472130504,0.0158107271194458,5,circular_seed_7.json,MPC-Discrete,8.0,0,0,0.0,Kinematic
555,7.982843761458614,0.6239327376399323,0.3585806418786998,1.833351811277385,0.0220523928381075,11,circular_seed_46.json,MPC-Discrete,10.0,0,0,0.0,Kinematic
556,12.112246933711509,0.3457509278243063,0.3299728405382133,1.827167939119551,0.0302107558885283,12,circular_seed_51.json,MPC-Discrete,11.0,1,0,0.0,Kinematic
557,15.391605611491183,0.545563999416229,0.2920194599743773,1.4185159928108,0.0204932973498389,6,circular_seed_12.json,MPC-Discrete,10.0,5,1,0.0,Kinematic
558,9.915388903033188,0.3574575821469986,0.3114407930042701,1.8646433176735968,0.0183112845792398,5,circular_seed_8.json,MPC-Discrete,8.0,0,0,0.0,Kinematic
559,7.135489240305615,0.5133170698536346,0.3118122016358857,1.6425980093127766,0.0361496391209885,13,circular_seed_54.json,MPC-Discrete,11.5,4,1,0.0,Kinematic
560,6.065709425659975,0.3567129027121475,0.3225433224849169,1.8338975376802715,0.033495745948843,12,circular_seed_53.json,MPC-Discrete,11.5,0,0,0.0,Kinematic
561,5.108195394950585,0.1656588436749187,0.3286959075752437,1.895596404834993,0.0197602691773843,5,circular_seed_0.json,MPC-Discrete,14.142135623730953,0,0,0.0,Kinematic
562,5.626700660692419,0.2417723376947528,0.3323450518625561,1.8721612557992084,0.022984486099676,5,circular_seed_4.json,MPC-Discrete,10.0,0,0,0.0,Kinematic
563,4.330868106582262,0.4342769452981009,0.3100677690439029,1.8264064773536488,0.028093220885664,8,circular_seed_40.json,MPC-Discrete,10.0,0,0,0.0,Kinematic
564,8.642449484036751,0.4330915943430164,0.3236669973766864,1.8290278148250607,0.0267745641798808,8,circular_seed_39.json,MPC-Discrete,10.0,0,0,0.0,Kinematic
565,14.405545202046577,0.3515266257664372,0.3131410826606095,1.778895111799685,0.028991111337322,9,circular_seed_25.json,MPC-Discrete,10.0,0,0,0.0,Kinematic
566,3.175713545709288,0.3920350141658159,0.3074621316559592,1.813716209987593,0.0270679203080542,8,circular_seed_38.json,MPC-Discrete,10.0,0,0,0.0,Kinematic
567,7.883417426162064,0.3568377643385319,0.3266009827342051,1.8146884623974096,0.0346149410213436,12,circular_seed_50.json,MPC-Discrete,11.0,0,0,0.0,Kinematic
568,8.36005732027709,0.4151548396798712,0.3215414549825833,1.851973624264857,0.0236693362048141,7,circular_seed_17.json,MPC-Discrete,10.0,0,0,0.0,Kinematic
569,22.846676611151448,0.4420122096049015,0.3329508037642615,1.8243160883548384,0.0280210930004454,11,circular_seed_32.json,MPC-Discrete,10.0,0,0,0.0,Kinematic
570,17.838296428258875,0.2773175161894459,0.3196543207240024,1.852873547875057,0.0227522776817863,6,circular_seed_14.json,MPC-Discrete,10.0,0,0,0.0,Kinematic
571,6.536120649807578,0.4970794063791383,0.344938014163971,1.8017500860087443,0.0392775114031805,11,circular_seed_36.json,MPC-Discrete,10.0,0,0,0.0,Kinematic
572,7.222135988557437,0.3954082324582409,0.3379905543059475,1.856655155546228,0.0289096243773834,10,circular_seed_45.json,MPC-Discrete,10.0,0,0,0.0,Kinematic
573,8.975378892846676,0.4130624663660399,0.3342288561241662,1.845163978732888,0.0314244755118623,13,circular_seed_55.json,MPC-Discrete,11.5,0,0,0.0,Kinematic
574,17.716388292370166,0.3982877524990059,0.318872560386635,1.6766742468228597,0.0350597376106969,14,circular_seed_57.json,MPC-Discrete,11.5,5,0,0.0,Kinematic
575,9.27329411013064,0.2461268999280613,0.3269358354071134,1.822717265451748,0.0329841309621519,10,circular_seed_42.json,MPC-Discrete,10.0,0,0,0.0,Kinematic
576,10.719282007743807,0.3775668213442644,0.3453581536420091,1.854316881000368,0.0170888625107727,5,circular_seed_2.json,MPC-Discrete,14.142135623730953,0,0,0.0,Dynamic
577,10.843399440197471,0.9034196364277048,0.3782195878739539,1.7623763630768932,0.0348507197390139,14,circular_seed_58.json,MPC-Discrete,11.5,0,0,0.0,Dynamic
578,5.730946393319078,1.3046137331365653,0.3723151649499138,1.741154118574905,0.0264493186133248,8,circular_seed_41.json,MPC-Discrete,10.0,0,0,0.0,Dynamic
579,6.859860920220185,1.0693498421619247,0.3738259386133554,1.75775281250885,0.0324013473984933,14,circular_seed_59.json,MPC-Discrete,11.5,0,0,0.0,Dynamic
580,17.36951014744105,0.4204914381941662,0.3644539790928237,1.821913738746064,0.0223567321382719,6,circular_seed_11.json,MPC-Discrete,10.0,0,0,0.0,Dynamic
581,10.13522867357304,0.5206389959983331,0.3598300709908882,1.82074100326052,0.0310466015592534,11,circular_seed_47.json,MPC-Discrete,10.0,0,0,0.0,Dynamic
582,1.9994937430608808,0.5311480035436088,0.3311051080232212,1.8099249892819096,0.016819560792711,5,circular_seed_1.json,MPC-Discrete,14.142135623730953,0,0,0.0,Dynamic
583,26.377511290667528,0.9385653165552148,0.3603851210660258,1.633227358815506,0.0237889323123665,11,circular_seed_30.json,MPC-Discrete,10.0,2,0,0.0,Dynamic
584,8.69145181622319,0.659366591222577,0.3656779352936291,1.8248641720002252,0.0197189526982826,5,circular_seed_6.json,MPC-Discrete,10.0,0,0,0.0,Dynamic
585,3.7186519389008974,1.1583581121016633,0.357053657572762,1.7320862549219402,0.0228931737668586,7,circular_seed_21.json,MPC-Discrete,8.0,0,0,0.0,Dynamic
586,7.633384779161673,0.626207643367448,0.3334598952509111,1.7963660937379566,0.0298262101536334,13,circular_seed_56.json,MPC-Discrete,11.5,0,0,0.0,Dynamic
587,14.005925362139482,0.6076613425365762,0.3618223259545604,1.6859246873469498,0.0256581029839278,10,circular_seed_28.json,MPC-Discrete,10.0,1,0,0.0,Dynamic
588,29.96883226120121,0.7828485627707912,0.3801707738129737,1.79335657225754,0.0300849457277873,14,circular_seed_60.json,MPC-Discrete,11.5,1,0,0.0,Dynamic
589,2.7312246074972224,0.7800107585796676,0.3248230641030855,1.7956115328815383,0.0193349641818936,5,circular_seed_5.json,MPC-Discrete,10.0,0,0,0.0,Dynamic
590,2.314546740637605,0.5070451464800458,0.3443005746138755,1.8132744984096247,0.0222794343667752,6,circular_seed_13.json,MPC-Discrete,10.0,0,0,0.0,Dynamic
591,3.83520918311308,0.8853142667468361,0.3505358517767708,1.7682461013008015,0.0216206224525676,7,circular_seed_16.json,MPC-Discrete,10.0,0,0,0.0,Dynamic
592,10.431508963179054,0.6087671517117447,0.3535044233309403,1.8040096327318225,0.0292703887667581,11,circular_seed_35.json,MPC-Discrete,10.0,0,0,0.0,Dynamic
593,8.003875351780671,0.7381322261180734,0.3452970829576679,1.7774408662777952,0.0260647151492328,9,circular_seed_22.json,MPC-Discrete,10.0,0,0,0.0,Dynamic
594,18.19337551553052,0.9033983908124722,0.3735118307660628,1.7721002844298588,0.0282360220288896,9,circular_seed_23.json,MPC-Discrete,10.0,0,0,0.0,Dynamic
595,3.094665973337512,1.3715296405190145,0.3730197188712204,1.7219043750165142,0.0258359752717565,7,circular_seed_20.json,MPC-Discrete,8.0,0,0,0.0,Dynamic
596,4.82830864895752,0.819923187520358,0.3420767151604129,1.7781370876398377,0.0255301324730245,6,circular_seed_10.json,MPC-Discrete,8.0,0,0,0.0,Dynamic
597,19.946975869516464,0.6262414116792884,0.3581458381651186,1.798902996653544,0.0317441236739065,12,circular_seed_52.json,MPC-Discrete,11.5,0,0,0.0,Dynamic
598,3.550896899935538,0.6168579578797745,0.3457454279756267,1.7980011003320628,0.0272469911082037,8,circular_seed_43.json,MPC-Discrete,10.0,0,0,0.0,Dynamic
599,6.732033633576863,0.736620701924602,0.3582492249532568,1.7817437634818896,0.0327428679893641,14,circular_seed_63.json,MPC-Discrete,11.5,0,0,0.0,Dynamic
600,8.752876009713132,1.287737328239516,0.3767205128214197,1.7041367857942584,0.0309296982400369,11,circular_seed_31.json,MPC-Discrete,10.0,0,0,0.0,Dynamic
601,21.46944676584001,0.795748908100136,0.3784968557556632,1.7738050718725924,0.0300482191990331,12,circular_seed_49.json,MPC-Discrete,10.0,0,0,0.0,Dynamic
602,-2.57016375462662,1.0285111175231234,0.3503202932583015,1.708617760871183,0.0299641945782829,11,circular_seed_33.json,MPC-Discrete,10.0,2,1,0.0,Dynamic
603,5.052726853188295,0.8991000739574586,0.3838655173474448,1.7589352490571528,0.0418095076579332,14,circular_seed_61.json,MPC-Discrete,11.5,0,0,0.0,Dynamic
604,28.40680469255021,0.6598357240662052,0.3552429874641954,1.7874491963115249,0.0344913165581407,10,circular_seed_44.json,MPC-Discrete,10.0,0,0,0.0,Dynamic
605,20.82537218010553,0.8282914811728541,0.3692121420439371,1.7702263638130131,0.0314487890056941,12,circular_seed_48.json,MPC-Discrete,10.0,0,0,0.0,Dynamic
606,3.7987584210737775,1.14689492628964,0.3483756172709319,1.7619051316560093,0.0245813906771465,7,circular_seed_15.json,MPC-Discrete,10.0,0,0,0.0,Dynamic
607,3.431298774946056,0.6982041206331794,0.3252715384628536,1.8244817044609456,0.0214886974796081,5,circular_seed_3.json,MPC-Discrete,10.0,0,0,0.0,Dynamic
608,20.65369853178172,0.9938722939744564,0.3827319447337144,1.7358004058042036,0.0336248291785306,14,circular_seed_62.json,MPC-Discrete,11.5,2,0,0.0,Dynamic
609,7.158234795805155,0.9554897663917128,0.3566740106818204,1.7614562040043489,0.0303589585679688,10,circular_seed_27.json,MPC-Discrete,10.0,0,0,0.0,Dynamic
610,7.487521999832663,1.4963908893823132,0.4041163534099756,1.677658386134469,0.0305216372387964,11,circular_seed_37.json,MPC-Discrete,10.0,0,0,0.0,Dynamic
611,6.263865797593469,1.1254229648895888,0.3869357011656193,1.737982411021776,0.0317203194111377,10,circular_seed_29.json,MPC-Discrete,10.0,0,0,0.0,Dynamic
612,2.5290737473167986,1.1754740318805743,0.3400955682336497,1.7568897455216783,0.0222470978189846,5,circular_seed_9.json,MPC-Discrete,8.0,0,0,0.0,Dynamic
613,19.37229841007198,0.8700984673711034,0.3580353979927019,1.7580229037689974,0.0411566212313815,7,circular_seed_19.json,MPC-Discrete,8.0,0,0,0.0,Dynamic
614,5.693705077969369,0.6997981292951584,0.3757487800148004,1.7849008133065634,0.0271510575745266,9,circular_seed_24.json,MPC-Discrete,10.0,0,0,0.0,Dynamic
615,5.8357637895485714,1.3326197057853335,0.3756540409873221,1.7061318744545393,0.0255433246679139,9,circular_seed_26.json,MPC-Discrete,10.0,0,0,0.0,Dynamic
616,2.815245207813964,1.3520265036104824,0.3722901181855818,1.7223476932590671,0.0236605953525852,7,circular_seed_18.json,MPC-Discrete,8.0,0,0,0.0,Dynamic
617,12.633836946891336,1.1358266823095158,0.3681624847339081,1.7292603942454725,0.0281330674523752,11,circular_seed_34.json,MPC-Discrete,10.0,0,0,0.0,Dynamic
618,2.161548730160052,0.8846598645368667,0.3176688726218419,1.789826415934812,0.0201318022805893,5,circular_seed_7.json,MPC-Discrete,8.0,0,0,0.0,Dynamic
619,8.192324053924077,1.4484057532122565,0.4016006418343235,1.7018569950815552,0.0294160470517605,11,circular_seed_46.json,MPC-Discrete,10.0,0,0,0.0,Dynamic
620,15.242265032389549,0.7729820551267279,0.3809314980486856,1.787637381176186,0.0302243712228103,12,circular_seed_51.json,MPC-Discrete,11.0,0,0,0.0,Dynamic
621,28.11269493806909,0.5558217534036362,0.3442133296691147,1.6196099706756233,0.0179053692970648,6,circular_seed_12.json,MPC-Discrete,10.0,2,0,0.0,Dynamic
622,20.8931875961594,0.726055225660565,0.3373466445618115,1.7978899523371985,0.0198974744456347,5,circular_seed_8.json,MPC-Discrete,8.0,0,0,0.0,Dynamic
623,4.3561516058236895,0.8391825315481696,0.3604144885131035,1.7667196420443487,0.0315964203451795,13,circular_seed_54.json,MPC-Discrete,11.5,0,0,0.0,Dynamic
624,-7.889409116590184,0.9395704689224434,0.3726612042480957,1.7317664847748422,0.0300845311214792,12,circular_seed_53.json,MPC-Discrete,11.5,0,1,0.0,Dynamic
625,4.5206593622554605,0.3366689952299956,0.3317368687930827,1.828494117478004,0.0185844256183293,5,circular_seed_0.json,MPC-Discrete,14.142135623730953,0,0,0.0,Dynamic
626,5.072361164463514,0.495427219771185,0.3371397252462795,1.8186333132027133,0.0214517680785495,5,circular_seed_4.json,MPC-Discrete,10.0,0,0,0.0,Dynamic
627,3.828276405678,0.999646357220214,0.3507642763762221,1.7716156129713485,0.0251763672023624,8,circular_seed_40.json,MPC-Discrete,10.0,0,0,0.0,Dynamic
628,7.890192422442931,1.0333060082148628,0.3709630564989058,1.7742010067119294,0.0243069300087549,8,circular_seed_39.json,MPC-Discrete,10.0,0,0,0.0,Dynamic
629,4.330689041133994,0.8143110367608178,0.349967939840079,1.7710115776790396,0.0258650872069345,9,circular_seed_25.json,MPC-Discrete,10.0,0,0,0.0,Dynamic
630,3.0206840456645514,0.8713878744704652,0.3428044560524809,1.7857294945299529,0.0249029967029398,8,circular_seed_38.json,MPC-Discrete,10.0,0,0,0.0,Dynamic
631,7.431263928807177,0.8308931838711425,0.3603901518177342,1.7737162300293647,0.0305028082009388,12,circular_seed_50.json,MPC-Discrete,11.0,0,0,0.0,Dynamic
632,5.226785224077529,0.9532679354874034,0.362460911908454,1.7827352245207957,0.0234217180146111,7,circular_seed_17.json,MPC-Discrete,10.0,0,0,0.0,Dynamic
633,17.584731144715636,0.9867041813632036,0.3678042815924628,1.7512666186701589,0.028444931047772,11,circular_seed_32.json,MPC-Discrete,10.0,0,0,0.0,Dynamic
634,33.81061015419269,0.6143766575572666,0.3387012171106283,1.8155906242213853,0.0200858798441012,6,circular_seed_14.json,MPC-Discrete,10.0,0,0,0.0,Dynamic
635,6.852854938640956,1.07913613966903,0.3762822923946419,1.7313145461764166,0.0311706302834929,11,circular_seed_36.json,MPC-Discrete,10.0,0,0,0.0,Dynamic
636,-1.0906526341150813,0.9322211391666596,0.3627815488889098,1.7534867928327642,0.0293788909912109,10,circular_seed_45.json,MPC-Discrete,10.0,0,1,0.0,Dynamic
637,6.267605547810318,0.941308782790031,0.3706835444918271,1.7433091852621685,0.0325432250791031,13,circular_seed_55.json,MPC-Discrete,11.5,0,0,0.0,Dynamic
638,19.401117314695888,0.6416959307252453,0.367080186807151,1.7957441275896824,0.0328458586980262,14,circular_seed_57.json,MPC-Discrete,11.5,1,0,0.0,Dynamic
639,12.65753964175704,0.5341122720502735,0.3470931924879807,1.803198980083718,0.0330312327000942,10,circular_seed_42.json,MPC-Discrete,10.0,0,0,0.0,Dynamic
